president,date,title,link,venue,speech_text
Benigno S. Aquino III,26-Jul-10,State of the Nation Address,https://www.officialgazette.gov.ph/2010/07/26/state-of-the-nation-address-2010-en/,"Batasang Pambansa, Quezon City","State of the Nation Address of His Excellency
Benigno S. Aquino III
President of the Philippines
to the Congress of the Philippines
Session Hall of the House of Representatives
 [July 26, 2010, Batasan Pambansa Complex, Quezon City]
Speaker Feliciano Belmonte; Senate President Juan Ponce Enrile; Vice President Jejomar Binay, Chief Justice Renato Corona, Former Presidents Fidel Valdez Ramos and Joseph Ejercito Estrada; Members of the House of Representatives and the Senate; distinguished members of the diplomatic corps;
My beloved countrymen:
Our administration is facing a forked road. On one direction, decisions are made to protect the welfare of our people; to look after the interest of the majority; to have a firm grip on principles; and to be faithful to the public servant’s sworn oath to serve the country honestly.
This is the straight path.
On the other side, personal interest is the priority, and where one becomes a slave to political considerations to the detriment of our nation.
This is the crooked path.
For a long time, our country lost its way in the crooked path. As days go by (since I became President), the massive scope of the problems we have inherited becomes much clearer. I could almost feel the weight of my responsibilities.
In the first three weeks of our administration, we discovered many things, and I will report to you some of the problems we have uncovered, and the steps we are taking to solve them.
This report is merely a glimpse of our situation. It is not the entire picture of the crises we are facing. The reality was hidden from our people, who seem to have been deliberately obfuscated on the real state of our nation.
In the first six months of this year, government expenditure exceeded our revenues. Our deficit further increased to PhP196.7 billion. Our collection targets, which lack PhP23.8 billion, were not fully met, while we went beyond our spending by PhP45.1 billion.
Our budget for 2010 is PhP1.54 trillion. Of this, only PhP100 billion – or 6.5% of the total budget – can be used for the remaining six months of the current year. Roughly 1% of the total budget is left for each of the remaining month.
Where did the funds go?
A calamity fund worth PhP2 billion was reserved in preparation for anticipated calamities. Of this already miniscule amount, at a time when the rainy season has yet to set in, PhP1.4 billion or 70% was already spent.
The entire province of Pampanga received PhP108 million. Of this, PhP105 million went to only one district. On the other hand, the province of Pangasinan, which was severely affected by Typhoon Pepeng, received a mere PhP5 million, which had to be used to fix damages inflicted not even by Pepeng, but by a previous typhoon, Cosme.
The funds were released on election month, which was seven months after the typhoon. What will happen if a typhoon arrives tomorrow? The fund has been used up to repair damage from typhoons that hit us last year. Our future will pay for the greed of yesterday.
This is also what happened to the funds of the MWSS. Just recently, people lined up for water while the leadership of the MWSS rewarded itself even though the pensions of retired employees remain unpaid.
The entire payroll of the MWSS amounts to 51.4 million pesos annually. But this isn’t the full extent of what they receive: they receive additional allowances and benefits amounting to 81.1 million pesos. In short, they receive 211.5 million pesos annually. Twenty four percent of this is for normal salaries, and sixty six percent is added on.
The average worker receives up to 13th month pay plus a cash gift. In the MWSS, they receive the equivalent of over thirty months pay if you include all their additional bonuses and allowances.
What we discovered in the case of the salaries of their board of trustees is even more shocking. Let’s take a look at the allowances they receive:
Attending board of trustees and board committee meetings, and you get fourteen thousands pesos. This totals ninety eight thousand pesos a month. They also get an annual grocery incentive of eighty thousand pesos.
And that’s not all. They get a mid-year bonus, productivity bonus, anniversary bonus, year-end bonus, and financial assistance. They not only get a Christmas bonus, but an additional Christmas package as well. Each of these amounts to eighty thousand pesos. All in all, each member of the board receives two and a half million pesos a year exclusive of car service, technical assistance, and loans. Let me repeat. They award themselves all of these while being in arrears for the pensions of their retired employees.
Even the La Mesa watershed wasn’t spared. In order to ensure an adequate supply of water, we need to protect our watersheds. In watersheds, trees are needed. Where there should be trees, they built homes for the top officials of the MWSS.
We cannot remove them from their positions quickly because they are among the midnight appointees of former president Arroyo. We are investigating all of these things. But if they have any shame left, they should voluntarily relinquish their positions.
Now let’s discuss funds for infrastructure. The DPWH identified two hundred forty six priority safety projects to be funded by the motor vehicle user’s charge. This needs a budget of 425 million pesos. What they ended up funding were only 28 projects. They disregarded 218 projects and replaced these with seventy projects that weren’t in the plans. The 425 million pesos originally asked for became 480 million pesos, increasing because of projects allocated for a favored few.
These projects make no sense: unstudied and unprepared for, sprouting like mushrooms.
The era of such projects is at an end. Under our administration, there will be no quotas, there will be no overpricing, the funds of the people will be spent for the people.
There’s more. Five days before the term of the previous administration ended, they ordered 3.5 billion pesos to be released for the rehabilitation of those affected by typhoons Ondoy and Pepeng. This was supposed to fund eighty-nine projects. But nineteen of these projects amounting to 981 million pesos didn’t go through public bidding. Special Allotment Release Orders hadn’t even been released and yet the contracts were already signed. It’s a good thing Secretary Rogelio Singson spotted and stopped them. Instead, they will all go through the proper bidding, and the funds will be used to provide relief to those who lost their homes due to typhoons Ondoy and Pepeng.
Let’s discuss what happened in Napocor. From 2001 to 2004, the government forced Napocor to sell electricity at a loss to prevent increases in electricity rates. The real motivation for this is that they were preparing for the election.
As a result, in 2004, NAPOCOR slumped deeply in debt. The government was obligated to shoulder the 200 billion pesos it owed.
What the public thought they saved from electricity, we are now paying for using public coffers. Not only are we paying for the cost of electricity; we are also paying for the interest arising from the debt.
If the money we borrowed was used properly, then there would be added assurance that constant supply of electricity is available. However, this decision was based on bad politics, not on the true needs of the people. The people, after having to sacrifice, suffered even more.
This is also what happened to the MRT. The government tried again to buy the people’s love. The operator was forced to keep the rates low.
In effect, the guarantee given to the operator that he will still be able to recoup his investment was not fulfilled. Because of this, Landbank and the Development Bank of the Philippines were ordered to purchase the MRT.
The money of the people was used in exchange for an operation that was losing money.
Let us now move on to the funds of the National Food Authority (NFA).
In 2004: 117,000 metric tons (of rice) was the shortage in the supply of the Philippines. What they (the government) bought were 900,000 metric tons. Even if you multiply for more than seven times the amount of shortage, they still bought more than what was needed.
In 2007: 589,000 metric tons was the shortage in the supply of the Philippines. What they bought were 1.827 million metric tons. Even if you multiply for more than three times the amount of shortage, they again bought more than what was needed.
What hurts is, because they keep purchasing more than what they need year after year, the excess rice that had to be stored in warehouses ended up rotting, just like what happened in 2008.
Is this not a crime, letting rice rot, despite the fact that there are 4 million Filipinos who do not eat three times a day?
The result is NFA’s current debt of 177 billion pesos.
This money that was wasted could have funded the following:
–      The budget of the entire judiciary, which is at 12.7 billion pesos this year.
–      The Conditional Cash Transfers for the following year, which cost 29.6 billion pesos.
–      All the classrooms that our country needs, which cost 130 billion pesos.
This way of doing things is revolting. Money was there only to be wasted.
You have heard how the public coffers were squandered. This is what is clear to me now: change can only come from our determination to stamp out this extravagance and profligacy.
That is why starting now: we will stop the wasteful use of government funds. We will eradicate projects that are wrong.
This is the point of what we call the zero-based approach in our budget. What used to be the norm was every year, the budget merely gets re-enacted without plugging the holes.
Next month we will be submitting a budget that accurately identifies the problem and gives much attention on the right solution.
Those that I have mentioned were only some of the problems we have discovered. Here now are examples of the steps we are undertaking to solve them.
There is a case of one pawnshop owner. He purchased a vehicle at an estimated cost of 26 million pesos.
If he can afford to buy a Lamborghini, why can’t he pay his taxes?
A case has already been filed against him. Through the leadership of Finance Secretary Cesar Purisima, BIR Commissioner Kim Henares, Customs Commissioner Lito Alvarez, and Justice Secretary Leila de Lima, every week we have new cases filed against smugglers and against those who do not pay the right taxes.
We have also already identified the suspects of the cases of Francisco Baldomero, Jose Daguio and Miguel Belen, 3 of the 6 incidents of extralegal killings since we assumed the Presidency.
Fifty percent (50%) of these incidents of extralegal killings are now on their way to being resolved.
We will not stop the pursuit of the remaining half of these killings until justice has been achieved.
We will hold murderers accountable. We will also hold those who are corrupt that work in government accountable for their actions.
We have begun forming our Truth Commission, through the leadership of former Chief Justice Hilario Davide. We will search for the truth on the alleged wrongdoing committed in the last nine years.
This week, I will sign the first ever Executive Order on the formation of this Truth Commission.
If the answer to justice is accountability, the answer to the dearth in funds is a new and creative approach to our long-standing problems.
We have so many needs: from education, infrastructure, health, military, police and more. Our funds will not be enough to meet them.
No matter how massive the deficit is that may keep us from paying for this list of needs, I am heartened because many have already expressed renewed interest and confidence in the Philippines.
Our solution: public-private partnerships. Although no contract has been signed yet, I can say that ongoing talks with interested investors will yield fruitful outcomes.
There are some who have already shown interest and want to build an expressway from Manila that will pass through Bulacan, Nueva Ecija, Nueva Vizcaya, until the end of Cagayan Valley, without the government having to spend a single peso.
On national defense:
We have 36,000 nautical miles of shoreline, but we only have 32 boats. These boats are as old as the time of (US General Douglas) MacArthur.
Some had this proposition: they will rent the Navy headquarters on Roxas Boulevard and the Naval Station in Fort Bonifacio.
They will take care of the funding necessary to transfer the Navy Headquarters to Camp Aguinaldo. Immediately, we will be given 100 million dollars. Furthermore, they will give us a portion of their profits from their businesses that would occupy the land they will rent.
In short, we will meet our needs without spending, and we will also earn.
There have already been many proposals from local to foreign investors to provide for our various needs.
From these public-private partnerships, our economy will grow and every Filipino will be the beneficiary. There are so many sectors that could benefit from this.
We will be able to construct the needed infrastructure in order to help tourism grow.
In agriculture, we will be able to have access to grains terminals, refrigeration facilities, orderly road networks and post-harvest facilities.
If we can fix out food supply chain with the help of the private sector, instead of importing, we will hopefully be able to supply for the needs of the global market.
The prices of commodities will go down if we are able to make this efficient railway system a reality. It will be cheaper and faster, and it will be easier for travelers to avoid crooked cops and rebels.
A reminder to all: creating jobs is foremost on our agenda, and the creation of jobs will come from the growth of our industries. Growth will only be possible if we streamline processes to make them predictable, reliable and efficient for those who want to invest.
We make sure that the Build-Operate-and-Transfer projects will undergo quick and efficient processes. With the help of all government agencies concerned and the people, a process that used to take as short as a year and as long as a decade will now only take six months.
The Department of Trade and Industry has already taken steps to effect this change, under the leadership of Secretary Gregory Domingo:
The never-ending horror story of registering business names, which used to take a minimum of four to eight hours depending on the day, will be cut down drastically to fifteen minutes.
What used to be a check list of thirty-six documents will be shortened to a list of six, and the old eight-page application form will be whittled down to one page.
I call on our local government units to review its own procedures. While we look for more ways to streamline our processes to make business start-ups easier, I hope the LGUs can also find ways to implement reforms that will be consistent with the ones we have already started.
All will certainly benefit from this streamlining — be it businessmen, soldiers, rebels and ordinary Filipinos. As long as the interests of Filipinos will not be jeopardized, we will explore all available avenues to make this a reality. We must start now, and we should all help achieve this and not stand in each other’s way.
The time when we will no longer be made to choose between our people’s security and the future of our children is upon us now.
Once we implement these public-private partnerships, we will be able to fund public service in accordance with our platform.
This will enable us to fund our plans for education.
We will be able to expand our basic education cycle from ten years to the global standard of twelve years.
We can build more classrooms, and we will fund service contracting under the Government Assistance to Students and Teachers in Private Education Program (GASTPE).
Conditional cash transfers that aim to lessen the burden of education on parents will also be funded if this partnership becomes a reality.
Our plans for improving PhilHealth can now be within reach.
First, we will identify the correct number of Filipinos who sorely need PhilHealth coverage, as current data is conflicting on this matter. On one hand, PhilHealth says that eighty-seven percent (87%) of Filipinos are covered, then lowers the number to only fifty-three percent (53%). On the other hand, the National Statistics Office says that only thirty-eight percent (38%) of Filipinos are covered by Philhealth.
Even as we speak, Secretary Dinky Soliman and the Department of Social Welfare and Development are moving to implement the National Household Targeting System that will identify the families that most urgently need assistance. An estimated 9 billion pesos is needed in order to provide coverage for five million poor Filipinos.
Our country is beginning to see better days ahead. The private sector, the League of Provinces headed by Governor Alfonso Umali, together with Governors L-Ray Villafuerte and Icot Petilla, are now ready to do their share when it comes to shouldering the financial burden. I know that the League of Cities under the leadership of Mayor Oscar Rodriguez will not be far behind.
If the local governments share in our goals, I know that I can surely count on Congress, the institution where I began public service, to push for our agenda for change.
Our Cabinet has already showed it skill by identifying not just problems but also proposing solutions in a matter of three weeks.
In the aftermath of Typhoon Basyang, we were told by those in the power sector that we would be without electricity for four days. The quick action of Secretary Rene Almendras and the Department of Energy resulted in the restoration of power to almost all those affected within twenty-four hours.
The so-called water shortage in Metro Manila was quickly attended to by Secretary Rogelio Singson and the Department of Public Works and Highways. Secretary Singson did it without prodding, which alleviated the suffering of those affected.
We also witnessed the competence and initiative of those we appointed to be part of our Cabinet. It is but just that they not be forced to go through the eye of a needle to be confirmed by the Commission on Appointments. Should this happen, competent Filipinos will be encouraged to help our country by becoming public servants.
In the soonest possible time, we will convene the Legislative Executive Development Advisory Council (LEDAC) to discuss the important bills that need to be addressed. Rest assured that I will keep an open mind and treat you honorably.
We will push for the Fiscal Responsibility Bill, which will limit spending bills only for appropriations that have identified a source of funding. We need 104.1 billion pesos to fund those laws already passed but whose implementation remains pending because of lack of funds.
We will re-evaluate fiscal incentives given in the past. Now that we are tightening our purse strings, we need to identify those incentives that will remain and those that need to be done away with.
We will not allow another NBN-ZTE scandal to happen again. Whether from local or foreign sources, all proposed contracts must undergo the scrutiny of correct procedures. I now ask for your help with amending our Procurement Law. 
According to our Constitution, it is the government’s duty to ensure that the market is fair for all. No monopolies, no cartels that kill competition. We need an Anti-Trust Law that will give life to these principles, to afford Small- and Medium-Scale Enterprises the opportunity to participate in the growth of our economy.
Let us pass into law the National Land Use Bill.
It was in 1935, during the Commonwealth, that the National Defense Act was passed. There is a need to amend for a new law that is more responsive to the current needs of national security.
I appeal to our legislators to pass the Whistleblower’s Bill to eradicate the prevalent culture of fear and silence that has hounded our system.
We will strengthen the Witness Protection Program. We must remember that from 2009 to 2010 alone, cases which involved the participation of witnesses under the program resulted in a ninety-five percent conviction.
There is a need to review our laws. I call on our lawmakers to begin a re-codification of our laws to ensure harmony in legislation and eliminate contradictions.
These laws serve as the basis of order in our land, but the foundation of all rests on the principle that we cannot grow without peace and order.
We face two obstacles on our road to peace: the situation in Mindanao and the continued revolt of the CPP-NPA-NDF.
Our view has not changed when it comes to the situation in Mindanao. We will only achieve lasting peace if all stakeholders engage in an honest dialogue: may they be Moro, Lumad, or Christian. We have asked Dean Marvic Leonen to head our efforts to talk to the MILF.
We will learn from the mistakes of the past administration, that suddenly announced an agreement reached without consultations from all concerned. We are not blind to the fact that it was done with political motivation, and that the interest behind it was not that of the people.
We recognize the efforts of the MILF to discipline those within its ranks. We are hopeful that the negotiations will begin after Ramadan.
To the CPP-NPA-NDF: are you prepared to put forth concrete solutions rather than pure criticism and finger-pointing?
If it is peace you truly desire, then we are ready for an immediate cease-fire. Let us go back to the table and begin talking again.
It is difficult to begin discussions in earnest if the smell of gun powder still hangs in the air. I call on everyone concerned not to waste a good opportunity to rally behind our common aspiration for peace.
Our foundation for growth is peace. We will continue to be shackled by poverty if the crossfire persists.
We must understand that now is a time for sacrifice. It is this sacrifice that will pave the way for a better future. With our freedom comes our responsibility to do good unto our fellows and to our country.
To our friends in media, especially those in radio and print, to the block-timers and those in our community newspapers, I trust that you will take up the cudgels to police your own ranks.
May you give new meaning to the principles of your vocation: to provide clarity to pressing issues; to be fair and truthful in your reporting, and to raise the level of public discourse.
It is every Filipino’s duty to closely watch the leaders that you have elected. I encourage everyone to take a step towards participation rather than fault-finding. The former takes part in finding a solution; from the latter, never-ending complaints.
We have always known that the key to growth is putting the interest of others beyond one’s own. One thing is clear: how do we move forward if we keep putting others down?
How will those without education secure quality jobs? How will the unemployed become consumers? How will they save money for their future needs?
If we change all this, if we prioritize enabling others, we will open a world of opportunities not just for ourselves but for those who direly need it.
We have already begun the process of change, and we are now able to dream of better things for our country. Let us not forget that there are those who wish us to fail, so that they will once again reclaim power to do as they please at the expense of our people.
My firm belief is that our fate is in the hands of God and our people. While we focus on uplifting the lives of our fellow men, I have an unshakeable faith that Almighty God will give us His blessings and support. If we remain firm in our belief that God is on our side, is there anything impossible for us to achieve?
The mandate we received last May 10 is testament to the fact that the Filipino continues to hope for true change. The situation is not what it was before; we can all dream again. Let us all become one in achieving a fulfilment of our hopes and aspirations for our country.
Maraming Salamat Po!"
Benigno S. Aquino III,25-Jul-11,Second State of the Nation Address,https://www.officialgazette.gov.ph/2011/07/25/benigno-s-aquino-iii-second-state-of-the-nation-address-july-25-2011-en/,"Batasang Pambansa, Quezon City","State of the Nation Address
of 
His Excellency Benigno S. Aquino III
President of the Philippines
To the Congress of the Philippines
[English translation of the speech delivered at the Session Hall of the House of Representatives, Batasan Pambansa Complex, Quezon City on July 25, 2011]
Senate President Juan Ponce Enrile; Speaker Feliciano Belmonte Jr.; Vice President Jejomar Binay; former Presidents Fidel Valdez Ramos and Joseph Ejercito Estrada; Chief Justice Renato Corona and the honorable Justices of the Supreme Court; honorable members of the diplomatic corps; members of the House of Representatives and the Senate; Local Government Officials; members of our Cabinet; members of the Armed Forces and the Philippine National Police; to my fellow servants of the Filipino people;
And to my beloved countrymen, my Bosses:
I stood before you during my inauguration and promised: we would do away with the use of the wang-wang. This one gesture has become the symbol of change, not just in our streets, but even in our collective attitude.
Over the years, the wang-wang had come to symbolize abuse of authority. It was routinely used by public officials to violate traffic laws, inconveniencing ordinary motorists—as if only the time of the powerful few, and no one else’s, mattered. Instead of behaving like public servants, they acted like kings. This privilege was extended to their cronies and patrons, who moved along the streets as if they were aristocracy, indifferent to those who were forced to give way and were left behind. Abusing privilege despite promising to serve—this is the wang-wang mindset; this is the mindset of entitlement.
They had no right to do this. The law authorizes only the President, the Vice President, the Senate President, the Speaker, the Chief Justice, and police vehicles, fire trucks, and ambulances to use sirens in the fulfillment of their official duties—no one else. Yet the flagrant abuse we bore witness to prompts us to ask: if they felt it their privilege to flout the simplest traffic laws, how could we expect them not to help themselves to a share of projects funded by the Filipino people?
Do you want the corrupt held accountable? So do I. Do you want to see the end of wang-wang, both on the streets and in the sense of entitlement that has led to the abuse that we have lived with for so long? So do I. Do you want to give everyone a fair chance to improve their lot in life? So do I.
We have fought against the wang-wang, and our efforts have yielded results. Just this year, the number of Filipinos who experienced hunger has come down. Self-rated hunger has gone down from 20.5% in March to 15.1% this June—equivalent to a million Filipino families who used to go hungry, but who now say they eat properly every day.
As for business, who would have thought that the stock market would reach seven record highs in the past year?  At one time, we thought that for the PSE Index to reach 4,000 points would be, at best, a fluke. We now routinely exceed this threshold.
Our once low credit ratings have now been upgraded by Moody’s, Standard and Poor’s, Fitch, and Japan Credit Ratings Agency—in recognition of our prudent use of funds and creative financial management. These improved credit ratings mean lower interest on our debts. Our innovative fiscal approach has saved taxpayers 23 billion pesos in the first four months of this year. This is enough to cover the 2.3 million conditional cash transfer beneficiaries for the entire year.
Let me remind you: in the nine and a half years before we were elected into office, our credit rating were upgraded once, and downgraded six times by the different credit rating agencies. Compare this to the four upgrades we have achieved in the single year we have been in office. This was no small feat, considering that the upgrades came after ratings agencies have grown considerably more conservative in their assessments, especially in the wake of criticism they received after the recent American financial crisis.  But while they have downgraded the ratings of other countries, they have upgraded ours, so that we are now just one notch below investment grade. Our economic team is hard at work to sustain the momentum.
And allow me to share more good news from the Department of Energy: having rid the DOE of wang-wang, we have revived the confidence of investors in our energy sector. 140 companies, all ready to participate in the exploration and strengthening of our oil and natural gas resources, can attest to this. Compare this to the last energy contracting round in 2006, which saw the participation of only 35 companies. Just last Friday, a new contract was signed for a power plant to be constructed in the Luzon grid, so that by 2014, our country will have a cheaper, more reliable source of energy.
There is confidence and there is hope; the government is now fulfilling its promises. And I cannot help but remember a woman I spoke with during one of my first house-to-house campaigns. She lamented: “It won’t matter who wins these elections. Nothing will change. I was poor when our leaders campaigned, I am poor now that they are in office, and I will still be poor when they step down.” This is a grievance echoed by many: “Our leaders didn’t care about us then, our leaders don’t care about us now, and our leaders will not care about us tomorrow.”
Given the persistence of the wang-wang attitude, wasn’t their sentiment justified? This was the attitude that allowed helicopters to be bought as if they were brand new, but had in fact already been extensively used. This was the attitude that allowed GOCC officials, like those in the Philippine National Construction Corporation, to pay themselves millions of pesos in bonuses, even as they failed to render decent service and plunged their respective agencies deeper into debt. Before they stepped down from their positions, the former heads of the PNCC gifted themselves with two hundred and thirty-two million pesos. Their franchise had lapsed in 2007; their collections should have been remitted to the national government. They did not do this, and in fact even took advantage of their positions: the bonuses they allotted to themselves in the first six months of 2010 were double the amount of their bonuses from 2005 to 2009. Yet they had the audacity to award themselves midnight bonuses, when they had already drowned their agencies in debt.
To end the wang-wang culture in government, we employed zero-based budgeting to review programs. For this year and the last, zero-based budgeting has allowed us to end many wasteful programs.
For example, we uncovered and stopped an ill-advised plan to dredge Laguna Lake. We would have borrowed 18.7 billion pesos to remove 12 million cubic meters of silt—which would have re-accumulated within three years, even before the debt could be fully paid. We also uncovered a food-for-school program with no proper targeting of beneficiaries, and other initiatives that were funded without apparent results. All of these were discontinued, and the funds rechanneled to more effective programs.
The budget is the clearest manifestation of the straight path upon which we tread. I say to those who would lead us astray: if you will further disadvantage the poor, do not even think about it. If all you would do is fill your own pockets, do not even think about it. If it is not for the benefit of the Filipino people, do not even think about it.
I wish we could say that we had completely eliminated the wang-wang attitude, but in some parts of our consciousness, it still persists.
It still exists in the private sector. According to the BIR, we have around 1.7 million self-employed and professional taxpayers: lawyers, doctors, businessmen who paid a total of 9.8 billion pesos in 2010. This means that each of them paid only an average of 5,783 pesos in income tax—and if this is true, then they each must have earned only 8,500 pesos a month, which is below the minimum wage. I find this hard to believe.
Today we can see that our taxes are going where they should, and therefore there is no reason not to pay the proper taxes. I say to you: it’s not just the government, but our fellow citizens, who are cheated out of the benefits that these taxes would have provided.
We are holding accountable—and we will continue to hold accountable—those who practice this culture of entitlement in all government offices, as there are still some who think they can get away with it. A district in Region 4B, for example, began a project worth 300 million pesos, well beyond the 50 million pesos that district engineers can sign off on their own.  But they could not leave such a potentially large payday alone.
So they cut the project up into components that would not breach the 50 million peso limit that would have required them to seek clearance from the regional and central offices. They tried to keep this system going. And often, since lump-sum funding was being used for the projects, no questions were asked about the plans or project details. They could have been spinning webs and they would have still been given the funds, so long as they knew someone in power.
Secretary Babes Singson did not let them get away with this. He removed the district engineer from his post, and suspended the awarding of the project in an effort to uncover other anomalies that may have happened. A thorough investigation of all those involved in the case is underway; we will blacklist all contractors proven to have engaged in foul play.
Because the project had to be delayed, Filipinos who would have otherwise benefited from them are still made to face unnecessary inconveniences.
These anomalies are not limited to Region 4B. We are putting an end to them. We are eliminating the patronage politics that has been prevalent in DPWH, and replacing it with a culture in which merit prevails. All projects must have work programs; we will require those involved in projects to submit well-thought-out plans for consideration, so that each project complements the other. We have also instituted an honest and transparent bidding process to provide equal opportunity to interested contractors.
Because of this, we have already saved 2.5 billion pesos, and expect to save 6 to 7 billion by the end of this year. The most important thing, however, is that now, we can count on well-paved roads—as opposed to the fragile pothole-ridden paths that our people had grown used to. Once, we believed that the system in the DPWH was impossible to fix; but look—it’s possible, and we’re fixing it.
Even in agriculture, the culture of wang-wang once persisted. Before we came into office in 2010, the Philippines imported 2.3 million metric tons of rice, which was already a million metric tons more than the 1.3 million that we needed. We even had to pay extra for warehouses to store the rice acquired through excessive importation.
How many years have we been over-importing rice? Many Filipinos thought that there was nothing we could do about it.
We proved them wrong in the span of a year. What was once an estimated yearly shortage of 1.3 million metric tons is down to 660,000—that’s almost half of the original amount. Even with our buffer of 200,000 metric tons as contingency against natural calamities, it is still significantly less than what was once the norm.
Our success in this sector was not brought about by mere luck. This is simply the result of doing things right: using the most effective types of seedlings, and careful and efficient spending on irrigation. In the past year, we irrigated an additional 11,611 hectares of fields, not to mention the near 212,000 hectares of land we were able to rehabilitate. The result: a 15.6 percent increase in rice production.
We envision two things: first, an end to over-importation that only serves to benefit the selfish few. Second: we want rice self-sufficiency—that the rice served on every Filipino’s dinner table is planted here, harvested here, and purchased here.
Let us look back on the situations of many of our policemen a year ago. The average salary of a common PO1 in Metro Manila is around 13,000 pesos. Around 4,000 pesos or about a third of their salaries goes directly to paying the rent. Another third goes to food, and the final third is all that is left for electricity and water bills, commuting, tuition fees, medicine, and everything else. Ideally, their salaries match their expenses—but this is not always the case. Those whose salaries are not enough would probably resort to taking out some loans. What happens when the interest piles up and they end up having to spend even more of their salaries? Will they still be able to do the right thing when tempted with an opportunity to make a quick buck?
This is why, this July, we have followed through on the housing promise we made in February. We were able to award 4,000 Certificates of Entitlement to Lot Allocation. This is only the first batch of the 21,800 houses we will have constructed by the end of the year. Awarding our men in uniform these houses will turn their 4,000 peso rent expense into an initial 200 peso per month payment for a house that is all theirs. The cash they once paid for rent can now be used for other needs.
I hear that there are still more than a thousand houses left, so for our policemen and our soldiers who have not yet submitted their papers, this is the last call for this batch of houses. But do not worry, because this housing program will continue next year, covering even more people and more regions. The NHA is already preparing the sites for housing projects in Visayas and Mindanao, with an expanded list of beneficiaries that will also include employees of the Bureau of Jail Management and Penology and of the Bureau of Fire Protection.
Speaking of security, does enhanced security not also enhance our national pride? There was a time when we couldn’t appropriately respond to threats in our own backyard. Now, our message to the world is clear: What is ours is ours; setting foot on Recto Bank is no different from setting foot on Recto Avenue.
At times I wonder if the stories about some of our past stand-offs are true—that when cannons were aimed at our marines, they could only reciprocate by cutting down a coconut tree, painting it black, and aiming it back. True or not, that time is over. Soon, we will be seeing capability upgrades and the modernization of the equipment of our armed forces. At this very moment, our very first Hamilton Class Cutter is on its way to our shores. We may acquire more vessels in the future—these, in addition to helicopters and patrol crafts, and the weapons that the AFP, PNP, and DOJ will buy in bulk to get a significant discount. This goes to show how far we can go with good governance; we can buy equipment at good prices, without having to place envelopes in anyone’s pockets.
We do not wish to increase tensions with anyone, but we must let the world know that we are ready to protect what is ours. We are also studying the possibility of elevating the case on the West Philippine Sea to the International Tribunal for the Law of the Sea, to make certain that all involved nations approach the dispute with calm and forbearance.
Our efforts to enhance the capabilities of our men and women in uniform are already succeeding. In the first six months of 2010, we had 1,010 cases of car and motorcycle theft. Compare that to the 460 cases in the first six months of 2011. Unfortunately, it is the one or two high-profile cases that make the headlines, and not the bigger picture—the fact that there is a large drop in car and motorcycle thefts, and that we have returned a higher percentage of stolen cars to their rightful owners.
And here is another example of positive change in law enforcement. The Anti-Trafficking in Persons Act was signed in 2003. Unfortunately, because the government did not properly implement it, only 29 individuals were convicted in a period of seven years. In just one year, we have breached that amount, convicting 31 human traffickers. Perhaps, this is the “sea change” that US Secretary of State Hillary Clinton was referring to; and because of this change, the Philippines has been taken off the Tier 2 Watchlist of their Trafficking in Persons Report. If we had not been removed from this watchlist, the assistance we have been receiving from the Millennium Challenge Corporation, among others, would have been jeopardized.
Allow me to talk about jobs now. Our foremost pledge to the Filipino people was to create more jobs, and we have delivered. In April 2010, the unemployment rate was at 8%; in April 2011, it was at 7.2%.
To put things into perspective: We must all remember that the ranks of the unemployed represent a moving target. Every year, thousands of fresh graduates join the ranks of job hunters. Last year, the number of unemployed Filipinos in our labor force grew after many of our countrymen who earned a temporary living from election-related jobs—the people assigned to hanging buntings, the people tasked with clearing a path for politicians in crowds of people, the drivers, and other campaign staff—were laid off. But, despite all this, our results make our success evident: one million and four hundred thousand jobs were created last year.
Before, our foremost ambition was to work in another country. Now, the Filipino can take his pick. As long as he pursues his dreams with determination and diligence, he can realize them.
The number of jobs generated in our country can only grow from here. According to the Philjobnet website, every month there are 50,000 jobs that are not filled because the knowledge and skills of job seekers do not match the needs of the companies. We will not allow this opportunity to go to waste; at this very moment, DOLE, CHED, TESDA, and DepEd are working together to address this issue. Curricula will be reviewed and analyzed to better direct them to industries that are in need of workers, and students will be guided so that they may choose courses that will arm them with the skills apt for vacant jobs.
Despite the demand for these jobs, there are still people who are being left behind. What do we do with them? First, we identified the poorest of the poor, and invested in them, because people are our greatest resource. Of the two million families registered with the Pantawid Pamilyang Pilipino Program, 1.6 million are already receiving their conditional cash transfers. Through the initiative and leadership of Secretary Dinky Soliman, we have been able to give much needed assistance to an average of more than 100,000 families per month. I am optimistic that we will reach our target of 1.3 million additional beneficiaries this year. With a compliance rate of 92%, millions of mothers are already getting regular check-ups at public health centers, millions of babies are being vaccinated against common diseases, and millions of school-aged children are now attending classes.
With these significant early results, I am counting on the support of the Filipino people and Congress to expand our Pantawid Pamilyang Pilipino Program. Before the end of 2012, we want to invest in the future of 3 million poor families.
We are giving these poor families a chance to improve their lives, because their progress will be the country’s progress. How can they buy products and services from businesses if they do not have a proper income? When a poor father turns to crime in order to feed his family, who would he victimize, if not us? When people cannot properly take care of themselves and fall ill, do we not run the risk of getting sick as well?
We are laying down the foundations for a brighter future for the poor. For example, in the health sector: PhilHealth beneficiaries increased during elections, as the agency was used as a tool for dispensing political patronage. Today, we identify beneficiaries through the National Household Targeting System, to make sure that the 5.2 million Filipino families who benefit from PhilHealth are those who really need it.
Let us turn our attention to the Autonomous Region of Muslim Mindanao. The politics there have been dominated by horse-trading and transactional politics. During national elections, whoever is in power in ARMM is free to manipulate the electoral machinery in his region, ensuring that non-allies do not get votes. That Mayor or Governor then demands payment for his services come the ARMM election, and it is the administration’s turn to manipulate the electoral machinery to secure the win of their candidate.
According to the Commission on Audit, in the office of the regional governor of ARMM, eighty percent of the funds disbursed were for cash advances that cannot be justified. If those funds had not gone to waste, a child could have gone to school. Instead, we built ghost bridges to reach ghost schools where only ghost teachers went to work.
We want ARMM to experience the benefits of good governance. And so, the solution: Synchronization—candidates in ARMM will run at the same time as candidates in other parts of the country. There would be less opportunity for them to employ command votes for political patrons. The result would be fairer elections. Thank you to Congress for passing the law synchronizing ARMM with the national elections.
And why do we need to postpone the elections? Because, in their desire to return to or retain power, many are prepared to engage in corrupt practices just to win again. Imagine if we had listened to the critics, and allowed the election to proceed under these circumstances. We would have perpetuated the endless cycle of electoral fraud and official abuse that has led ARMM to become one of the poorest regions in the country.
I do not doubt that the reforms we are putting in place will yield concrete results. When we talk about the straight and righteous path, we talk about that new road that was built in Barangay Bagumbayan in Sta. Maria, Laguna. When we say clean government, we are talking about the clean water that residents in Barangay Poblacion in Ferrol, Romblon, now enjoy. When we refer to the light of change, we also refer to the electricity that now powers light bulbs in Barangay San Marcos in Bunawan, Agusan del Sur. This is happening in many other places, and we will make it happen everywhere in our country.
Government agencies are now focused on realizing this; they are working together to creatively solve the problems that have long plagued our country.
Have we not had flooding problems, which we know are caused by the incessant and illegal cutting down of trees? The old solution: A tree-planting photo opportunity, whose sole beneficiaries are politicians who want to look good. They plant trees, but they do not ensure that the trees would remain standing after they leave.
One of the possible solutions we are studying is to make the stewardship of these trees beneficial to communities. They will be given coffee and cacao seeds to plant. While they wait for harvest, they will receive stipends for safeguarding the trees planted to mitigate flooding. We are looking at informal settlers, who are currently crammed into our cities, as possible beneficiaries of this program.  We will be investing in the people, even as we invest in the environment.
Who could have thought that little over a year ago, we could accomplish this? Today, we dream; one day soon, these dreams will be a reality.
This same creativity is on display with the innovations that are already being implemented. We have developed low-cost traps that kill mosquito larvae, probably contributing to the nearly fourteen percent decrease in dengue incidents; coconut coir fibers that are normally just disposed of have been used as a cost-effective way to strengthen our roads; we have landslide sensors that warn when soil erosion has reached dangerous levels; we have developed early flood warning systems for riverside communities. All of these are products of Filipino creativity.
DOST and UP have even teamed up to develop a prototype monorail system, which could potentially provide a home grown mass transport solution that would cost us as little as 100 million pesos per kilometer, much cheaper than the current cost of similar mass transit systems. The potential savings could result in more kilometers of cheap transport, decongesting our urban centers and allowing rural communities easier access to centers of commerce and industry.
Let me reiterate: These proposals were developed by Filipinos for Filipinos. Do you remember the time when we were unable to even dream of these kinds of projects? I am telling you now: We can dream about them, we are capable of achieving them, and we will achieve them. Isn’t it great to be a Filipino living in these times?
All of these things we are doing will be wasted if we do not do something to end the culture of corruption.
To my colleagues in public service, from those at the top and to every corner of the bureaucracy: Do we not feel the pride that working in government now brings? That, now, we are proud to be identified as workers in government? Will we waste this honor?
I call on our Local Government Units: Those of you who are in the best position to understand the needs of your constituents can expect greater freedom and empowerment. But we trust that in providing for your communities, you will remain committed to the straight path, and will not lose sight of the interest of the whole nation.
For instance, there are some municipalities that want to tax the electricity transmission lines that run through their jurisdictions. Although this will augment local coffers, the rest of the Filipino people will have to deal with higher electricity rates. Let us try to balance the interests of our constituencies with that of the nation as a whole.
It is imperative that our programs remain in sync, because the progress of the entire country will also redound to progress for your communities. Let us do away with forward planning that only looks as far as the next election, and think of the long-term national good.
Ultimately, we have to unite and work together towards this progress. I thank the Congress for passing laws regarding GOCC Governance, ARMM Synchronization, Lifeline Electricity Rates Extension, Joint Congressional Power Commission Extension, Children and Infants’ Mandatory Immunization, and Women Night Workers.
Last year, Congress demonstrated their support by approving the budget even before the year ended. The timely passage of the budget allowed projects to be implemented more quickly. Tomorrow we will deliver to Congress our budget proposal for 2012. I look forward once again to its early passage so that we can build on our current momentum.
We have already made progress, but we must remember: This is only the beginning, and there is much left for us to do. Allow me to present to Congress some of the measures that will bring us closer to the fulfillment of our pledge to the nation.
We aim to give due compensation to the victims of Martial Law; to grant our househelp the salaries and benefits that they deserve; and to improve the system that awards pensions to our retired soldiers. We likewise support the expansion of the scope of scholarships granted by DOST to outstanding yet underprivileged students; the advancement of universal quality healthcare; the responsible management of the environment; and the formation of facilities that will ensure the safety of our citizens during times of great need and calamity.
Our agenda also includes the development of BuCor, NBI, NEA, and PTV 4, so that, instead of lagging behind the times, they will better fulfill their mandate of public service.
Not everything we want to do will be explained today, but I invite you to read the budget message, which contains a more comprehensive plan for the coming year.
Some of my critics say that I take this campaign against corruption personally. It’s true: doing what’s right is personal. Making people accountable—whoever they may be—is personal. It should be personal for all of us, because we have all been victimized by corruption.
What is wrong remains wrong, regardless of how long it has been allowed to persist. We cannot simply let it pass. If we ignore the crimes of the past, they will continue to haunt us. And if we do not hold people accountable, then they will do it again and again.
The truth is, we have uncovered so many anomalies. In PAGCOR, the previous management apparently spent one billion pesos on coffee alone. At one hundred pesos per cup, that would be ten million cups of coffee over the last several years. Where did all that coffee go? Who drank it? Perhaps we can find the people who consumed all that coffee and ask if they have been able to sleep in the last few years.
When the new Ombudsman, former Supreme Court Justice Conchita Carpio-Morales, takes office, we will have an honest-to-goodness anti-corruption office, not one that condones the corruption and abuses in government. I expect that this year, we will have filed our first major case against the corrupt and their accomplices. And these will be real cases, with strong evidence and clear testimonies, which will lead to the punishment of the guilty.
We are aware that the attainment of true justice does not end in the filing of cases, but in the conviction of criminals. I have utmost confidence that the DOJ is fulfilling its crucial role in jailing offenders, especially in cases regarding tax evasion, drug trafficking, human trafficking, smuggling, graft and corruption, and extrajudicial killings.
We are not leaving anything to chance; good governance yields positive results. Think about it: We have realized our promise of providing the public with the services that it needs and implementing programs to help the poor without having to raise our taxes.
This has always been the plan: to level the playing field; to stop the abuse of authority; and to ensure that the benefits of growth are available to the greatest number.
We have put an end to the culture of entitlement, to wang-wang: along our roads, in government, in our society as a whole. This will bring confidence that will attract business; this will also ensure that the people’s money is put in its rightful place: Funding for infrastructure that will secure the sustained growth of the economy, which will then give rise to jobs, and public service that guarantees that no one will be left behind. More opportunities for livelihood will be opened by tourism; the strengthening of our agriculture sector will ensure that every Filipino will have food on his table. We will invest in those who were once neglected. All this will create a cycle wherein all available jobs are filled, and where businesses flourish through the empowerment of their consumers.
I am aware that, until now, there are still a few who complain about our style of governance. But you have seen our style, and its ensuing results. You have seen their style, and, especially, where that took us. Anyone with their eyes open can clearly see which is right.
We are steering our government in a clear direction. A country where opportunity is available; where those in need are helped; where everyone’s sacrifices are rewarded; and where those who do wrong are held accountable.
I remember a woman warning me during the campaign: “Noy, be careful, you will be stepping on many toes.”
Sometimes, I do worry about what I am doing. But I am heartened because you are with me, and we stand on the side of what is right.
I thank the priests and bishops who have continued to dialogue with us, like Cardinals Rosales and Vidal. Cardinal Rosales and I may not be the closest of friends, but I believe that he did all that he could to reduce the tensions between the church and the government. The election of Archbishop Palma, defender of human rights and of the environment, as head of the CBCP only bolsters my confidence that the state and the clergy will be able to engage each other in a positive manner. I likewise thank my Cabinet, who have sacrificed their personal comfort to fulfill the national agenda. I give special mention to PAGASA, who now truly delivers reliable advice and warnings during times of calamity.
And to those who may resist the change we are trying to bring about, this I say to you: I know what I must do, and my personal interests are nothing when compared to the interests of the nation. There are many of us who want what is right for this country; and there are more of us than you. To those of you who would turn back the tide of reform: you will not succeed.
To those who have chosen to tread the straight and righteous path alongside us: it is you who created this change, and it is you who will bequeath our success to your children. To the jeepney driver plying his route; to the teachers and students coming home from class; to the artists whose work inspires our sense of nationhood; to our policemen, our soldiers, our street sweepers, and our firemen; to you who work with honor, in the Philippines, in the oceans, or in other countries; our colleagues in government who stand steadfast with us, whatever province you come from, whatever party you belong to; every Filipino listening to me now—you made this happen.
You created a government that truly works for you. We still have five years left to ensure that we will not return to what once was. We will not be derailed, especially now that what we have begun has yielded so many positive results.
If you see a loophole in the system, do not take advantage of it. Let us not acquire through patronage what we can acquire through hard work. No more cheating, no more taking advantage of others, no more one-upmanship—because in the end we will all realize our shared aspirations.
Let us end the culture of negativism; let us uplift our fellow Filipinos at every opportunity. Why are there people who enjoy finding fault in our country, who find it so hard—as though it were a sin—to say something nice? Can we even remember the last time we praised a fellow Filipino?
Let us stop pulling our fellow man down. Let us put an end to our crab mentality. Let us make the effort to recognize the good that is being done.
If you see something right, do not think twice—praise it. If you see a policeman directing traffic, coatless beneath the rain—go to him and say, “Thank you.”
If you fall sick, and you see your nurse caring for you, when she could easily be treating foreigners for a higher salary—say, “Thank you.”
Before you leave school for home, approach your teacher who chose to invest in your future—say, “Thank you.”
If you chance upon your local leader on a road that was once riddled with holes, but is now smooth and sturdy—go to him and say, “Thank you, for the change you have brought.”
And so, to the Filipino nation, my Bosses who have steered us toward this day: Thank you very much for the change that is now upon us.
The Philippines and the Filipino people are, finally, truly alive.
Basahin ang orihinal na talumpati"
Benigno S. Aquino III,23-Jul-12,Third State of the Nation Address,https://www.officialgazette.gov.ph/2012/07/23/english-translation-benigno-s-aquino-iii-third-state-of-the-nation-address-july-23-2012/,"Batasang Pambansa, Quezon City","State of the Nation Address
of
His Excellency Benigno S. Aquino III
President of the Philippines
To the Congress of the Philippines
[English translation of the speech delivered at the Session Hall of the House of Representatives, Batasan Pambansa Complex, Quezon City, on July 23, 2012]
Senate President Juan Ponce Enrile; Speaker Feliciano Belmonte; Vice President Jejomar Binay; former Presidents Fidel Valdez Ramos and Joseph Ejercito Estrada; eminent Justices of the Supreme Court; distinguished members of the diplomatic corps; honorable members of the House of Representatives and of the Senate; our leaders in local government; members of our Cabinet; uniformed officers of the military and of the police; my fellow public servants; and, of course, to my Bosses, the Filipino people, a pleasant afternoon to all.
This is my third SONA. It wasn’t too long ago when we began to dream again; when, united, we chose the straight and righteous path; when we began to cast aside the culture of wang-wang, not only in our streets, but in every sector of society.
It has been two years since you said: We are tired of corruption and of poverty; it is time to restore a government that is truly on the side of the people. 
Like many of you, I have been a victim of the abuse of power. I was only 12 years old when Martial Law was declared. For seven years and seven months, my father was incarcerated; we lived in forced exile for three years. I saw for myself how many others also suffered.
These experiences forged the principles I now live by: Where a citizen is oppressed, he will find me as an ally; where there is an oppressor, I will be there to fight; where I find something wrong in the system, I will consider it my duty to right it.
Martial Law ended long ago and when it did, we were asked: “If not us, then who?” and “If not now, then when?” Our united response: let it be us, and let it be now. The democracy that was taken from us by force was reclaimed peacefully. And in so doing, we brought light to a dark chapter in our history.
Let it not be forgotten: Martial Law was borne because a dictator manipulated the Constitution to remain in power. And to this day, the battle rages: between those who seek a more equitable system, and those who seek to preserve their privileges at the expense of others.
The specters of a lost decade haunted us from our first day in office.
There was the North Rail contract—an expensive project that became even more expensive after renegotiation. Ironically, the higher cost came with fewer public benefits; a fleet of 19 train sets was reduced to three, and the number of stations, from five to two. To make matters worse, the debts incurred from the project are now being called in.
We had GOCCs handing out unwarranted bonuses, despite the losses already suffered by their agencies. We had the billions wasted by PAGCOR on—of all things—coffee. We had the suspect management practices of the PNP, which involved ignoring the need to arm the remaining 45 percent of our police force, just to collect kickbacks on rundown helicopters purchased at brand-new prices. 
We were left with little fiscal space even as debts had bunched up and were maturing. We were also left a long list of obligations to fulfill: A backlog of 66,800 classrooms, which would cost us about 53.44 billion pesos; a backlog of 2,573,212 classroom chairs, amounting to 2.31 billion pesos. In 2010, an estimated 36 million Filipinos were still not members of PhilHealth. Forty-two billion pesos was needed to enroll them. Add to all this the 103 billion pesos needed for the modernization of our Armed Forces.
To fulfill all these obligations and address all our needs, we were bequeathed, at the start of our term, 6.5 percent of the entire budget for the remaining six months of 2010. We were like boxers, sent into the ring blindfolded, with our hands and feet bound, and the referee and the judges paid off.
In our first three months in office, I would look forward to Sundays when I could ask God for His help. We expected that it would take no less than two years before our reforms took hold. Would our countrymen be willing to wait that long?
But what we know about our people, and what we had proven time and again to the world was this: Nothing is impossible to a united Filipino nation. It was change we dreamed of, and change we achieved; the benefits of change are now par for the course.
Roads are straight and level, and properly paved; this is now par for the course.
Relief goods are ready even before a storm arrives. Rescue services are always on standby, and the people are no longer left to fend for themselves. This is now par for the course.
Sirens only blare from the police cars, from ambulances, and from fire trucks—not from government officials. This is now par for the course. The government that once abused its power is finally using that power for their benefit.
Reforms were established as we cut wasteful spending, held offenders accountable for their actions, and showed the world that the Philippines is now open for business under new management.
What was once the sick man of Asia now brims with vitality. When we secured our first positive credit rating action, some said it was pure luck. Now that we have had eight, can it still just be luck? When the Philippine Stock Exchange index first broke 4,000, many wondered if that was sustainable. But now, with so many record highs, we are having trouble keeping score: For the record, we have had 44, and the index hovers near or above 5,000. In the first quarter of 2012, our GDP grew by 6.4 percent, much higher than projected, the highest growth in the Southeast Asian region, and the second only to China in the whole of Asia. Once, we were the debtors; now, we are the creditors, clearly no laughing matter. Until recently, we had to beg for investments; now, investors flock to us. Some Japanese companies have said to us, “Maybe you’d like to take a look at us. We’re not the cheapest but we’re number one in technology.” Even the leader of a large British bank recently came looking for opportunities.
Commentators the world over voice their admiration. According to Bloomberg Business week, “Keep an eye on the Philippines.” Foreign Policy magazine, and even one of the leaders of ASEAN 100, said that we may even become “Asia’s Next Tiger.” Ruchir Sharma, head of Morgan Stanley’s Emerging Market Equities said, “The Philippines is no longer a joke.” And it doesn’t look like he’s pulling our leg, because their company has invested approximately a billion dollars in our markets. I only wish that the optimism of foreign media would be shared by their local counterparts more often.
And we are building an environment where progress can be felt by the majority. When we began office, there were 760,357 household-beneficiaries of the Pantawid Pamilyang Pilipino Program. Our target: 3.1 million within two years. By February of this year, the three millionth household-beneficiary of Pantawid Pamilya had been registered. Next year, we will enroll 3.8 million households—five times what we had at the beginning of our term.
This is a long-term project, with far-reaching impact. The research is in its initial stages, but already the figures show promise. Based on data from the DSWD: 1,672,977 mothers now get regular checkups; 1,672,814 children have been vaccinated against diarrhea, polio, measles, and various other diseases; 4.57 million students no longer need to miss school because of poverty.
When we first took office, only 62 percent of Filipinos were enrolled in PhilHealth. Enrollment was not necessarily based on need but on being in the good graces of politicians. Now, 85 percent of our citizens are members. This means that since we received our mandate, 23.31 million more Filipinos have access to PhilHealth’s array of benefits and services.
And here’s even better news: the 5.2 million poorest households identified by our National Household Targeting System will now fully benefit from PhilHealth’s programs, free of charge. Because of the Department of Health’s No Balance Billing Policy, treatment for dengue, pneumonia, asthma, cataracts—as well as treatments for catastrophic diseases like breast cancer, prostate cancer, and acute leukemia—can be availed of for free by our poorest countrymen.
The process for our poorest PhilHealth members: Enter any government hospital. Show your PhilHealth card. Get treatment. And they return to their homes without having to shell out a single centavo.
One of the briefings I attended noted that four out of ten Filipinos have never seen a health professional in their entire lifetime. Other figures are more dire: Six out of ten Filipinos die without being attended to by health professionals.
But whatever the basis, the number of Filipinos with no access to government health services remains a concern. And we are acting on this: In 2010, ten thousand nurses and midwives were deployed under the RNHeals Program; to date, we have deployed 30,801. Add to this over 11,000 Community Health Teams tasked to strengthen the links between doctors and nurses, and the communities they serve.
And today, because of efficient targeting, they are deployed to where they are most needed: to areas that have been for so long left in the margins of society. We have sent our health professionals to 1,021 localities covered by the Pantawid Pamilya, and to the 609 poorest cities and municipalities, as identified by the National Anti-Poverty Commission.
This new system addresses two issues: thousands of nurses and midwives now have jobs and an opportunity to gain valuable work experience; at the same time, millions of our countrymen now have increased access to quality health care.
But we are not satisfied with this. What we want: true, universal, and holistic health care. This begins not in our hospitals, but within each and every household: Increased consciousness, routine inoculation, and regular checkups are necessary to keep sickness at bay. Add to this our efforts to ensure that we prevent the illnesses that are in our power to prevent.
For example: Last year, I told you about our anti-dengue mosquito traps. It is too early to claim total victory, our scientists are rigorous about testing, but the initial results have been very encouraging.
We tested the efficacy of those mosquito traps in areas with the highest reported incidence of dengue. In 2011, traps were distributed in Bukidnon—which had recorded 1,216 cases of dengue in 2010. After distribution, the number of cases decreased to 37—that is a 97 percent reduction rate. In the towns of Ballesteros and Claveria in Cagayan, there were 228 cases of dengue in 2010; in 2011, a mere eight cases were recorded. In Catarman, Northern Samar: 434 cases of dengue were reported in 2010. There were a mere four cases in 2011.
This project is in its initial stages. But even this early on, we must thank Secretaries Ike Ona of DOH and Mario Montejo of DOST; may our gratitude and applause spur them into even more intensive research and collaboration.
Challenges remain. The high maternal mortality ratio in our country continues to alarm us. Which is why we have undertaken measures to address the healthcare needs of women. We, too, want Universal Health Care; we want our medical institutions to have enough equipment, facilities, and manpower.
We can easily fulfill all these goals, if the Sin Tax Bill—which rationalizes taxes on alcohol and tobacco products—can be passed. This bill makes vice more expensive while at the same time raising more money for health.
And what of our students—what welcomes them in the schools? Will they still first learn the alphabet beneath the shade of a tree? Will they still be squatting on the floor, tussling with classmates over a single textbook?
I have great faith in Secretary Luistro: Before the next year ends, we will have built the 66,800 classrooms needed to fill up the shortage we inherited—of this, we expect 40,000 for this year.  The 2,573,212 backlog in chairs that we were bequeathed will be addressed before 2012 ends. This year, too, will see the eradication of the backlog of 61.7 million textbooks—and we will finally achieve the one-to-one ratio of books to students.
We are ending the backlogs in the education sector, but the potential for shortages remains as our student population continues to increase. Perhaps Responsible Parenthood can help address this.
For our State Universities and Colleges: We have proposed a 43.61 percent increase in their budget next year. A reminder, though, that everything we do is in accordance to a plan: There are corresponding conditions to this budget increase. The SUC Reform Roadmap of CHED, which has been deliberated and agreed upon, must be enacted to ensure that the students sponsored by the state are of top caliber. Expect that if you work to get high marks in this assignment, we will be striving just as hard to address the rest of your needs.
Year after year, our budget for education has increased. The budget we inherited for DepEd last 2010 was 177 billion pesos. Our proposal for 2013: 292.7 billion pesos. In 2010, our SUCs were allocated a budget of 21.03 billion pesos. Since then, we have annually raised this allocation; for next year, we have proposed to set aside 37.13 billion pesos of our budget for SUCs. Despite this, some militant groups are still cutting classes to protest what they claim is a cut in SUC budgets. It’s this simple: 292.7 is higher than 177, and 37.13 is higher than 21.03. Should anyone again claim that we cut the education budget, we’ll urge your schools to hold remedial math classes. Please, attend these classes.
When we assumed office and began establishing much-needed reforms, there were those who belittled our government’s performance. They claimed our achievements were mere luck, and what impact they may have as short-lived. There are still those who refuse to cease spreading negativity; they who keep their mouths pursed to good news, and have created an industry out of criticism.
If you have a problem with the fact that, before the year ends, every child will have their own chairs and own set of books, then look them straight in the eye and tell them, “I do not want you to go to school.”
If you take issue with the fact that 5.2 million of the country’s poorest households can now avail of quality healthcare services without worrying about the cost, then look them straight in the eye and tell them, “I do not want you to get better.”
If it angers you that three million Filipino families have been empowered to fulfill their dreams because of Pantawid Pamilya, then look them straight in the eye and tell them, “I will take away the hope you now have for your future.”
The era where policy was based on the whims of the powerful has truly come to an end. For example, the previous leadership of TESDA generously distributed scholarship vouchers—but neglected to fund them. Naturally, the vouchers bounced. The result: over a thousand schools are charging the government 2.4 billion pesos for the vouchers. One person and one administration wanted to show off; the Filipino people are paying for that now.
When Secretary Joel Villanueva assumed the post, he was not daunted by the seemingly impossible reforms that his agency needed to enact. Despite the staggering debt inherited by TESDA, it still trained 434,676 individuals under the Training for Work Scholarship Program. The TESDA Specialists Technopreneurship Program likewise delivered concrete victories—imagine: each of the 5,240 certified Specialistas are earning 562 pesos a day, or 11,240 pesos a month. This is higher than the minimum wage.
From infancy, to adolescence, to adulthood, the system is working for our citizens. And we are ensuring that our economy’s newfound vitality generates jobs.
Let us keep in mind: there are about a million new entrants to the job market every year. The jobs we have produced within the past two years total almost 3.1 million.
As a result, our unemployment rate is declining steadily. In 2010, the unemployment rate was at 8 percent. In April 2011, it dropped to 7.2, and dropped further to 6.9 this year. Is it not an apt time for us to dream of a day where any Filipino who wishes to work can find a job?
Look at the BPO sector. Back in the year 2000, only 5,000 people were employed in this industry. Fast forward to 2011: 638,000 people are employed by BPOs, and the industry has contributed 11 billion dollars to our economy. It has been projected that come 2016, the year I will bid you farewell, it will be bringing in 25 billion dollars and will be employing 1.3 million Filipinos. And this does not include the estimated 3.2 million taxi drivers, baristas, corner stores, canteens, and many others that will benefit from the indirect jobs that the BPO industry will create.
A large portion of our job-generation strategy is building sufficient infrastructure. For those who have gone to Boracay on vacation, you have probably seen our newly christened terminal in Caticlan. The plan to expand its runway has also been laid out.
And we will not stop there. Before the end of my term, the New Bohol Airport in Panglao, New Legaspi Airport in Daraga, and Laguindingan Airport in Misamis Oriental will have been built. We will also upgrade our international airports in Mactan, Cebu; Tacloban; and Puerto Princesa Airport, so they can receive more passengers; in addition to remodeling the airports in Butuan, Cotabato, Dipolog, Pagadian, Tawi-Tawi, Southern Leyte, and San Vicente in Palawan.
I am the fourth president to deal with the problems of NAIA Terminal 3. Airplanes are not all that take off and land here; so did problems and anomalies. Secretary Mar Roxas has already said: Before we convene at the next SONA, the structural defects we inherited in NAIA 3 will have been fully repaired.
This June, the LRT Line 1 Cavite Extension project began to move forward. When completed, it will alleviate traffic in Las Piñas, Parañaque, and Cavite. In addition to this, in order to further improve traffic in Metro Manila, there will be two elevated roads directly connecting the North Luzon and South Luzon Expressways. These will be completed in 2015 and will reduce travel time between Clark and Calamba to 1 hour and 40 minutes. Before I leave office, there will be high-quality terminals in Taguig, Quezon City, and Parañaque, so that provincial buses will no longer have to add to the traffic on EDSA.
Perceptions have also changed about a department formerly notorious for its inadequacies. I still remember the days when, during the rainy season, the Tarlac River would overflow and submerge the MacArthur Highway. The asphalt would melt away; the road would be riddled with potholes, until it ended up impassable.
As the representative of my district, I registered my complaints about this. The Department of Public Works and Highways’ reply: we know about the problem, we know how to solve it, but we have no money. I had to appeal to my barangays: “If we don’t prioritize and spend for this ourselves, no one will fix it, and we will be the ones who suffer.” Back in those days, everyone called upon the government to wake up and start working. The complaints today are different: Traffic is terrible, but that’s because there’s so much roadwork being done. May I remind everyone: We have done all this without raising taxes.
We will not build our road network based on kickbacks or favoritism. We will build them according to a clear system. Now that resources for these projects are no longer allocated haphazardly, our plans will no longer end up unfulfilled—they will become tangible roads that benefit the Filipino people. When we assumed office, 7,239 kilometers of our national roads were not yet fixed. Right now, 1,569 kilometers of this has been fixed under the leadership of Secretary Babes Singson. In 2012, an additional 2,275 kilometers will be finished. We are even identifying and fixing dangerous roads with the use of modern technology. These are challenges we will continue to address every year, so that, before the end of my term, every inch of our national road network will be fixed.
We have fixed more than just roads; our DPWH has fixed its system. Just by following the right process of bidding and procurement, their agency saved a total of 10.6 billion pesos from 2011 to June of this year. Even our contractors are feeling the positive effects of our reforms in DPWH. According to the DPWH, “the top 40 contractors are now fully booked.” I am hopeful that the development of our infrastructure continues unimpeded to facilitate the growth of our other industries.
The improvement of our infrastructure is intertwined with the growth of our tourism industry. Consider this: In 2001, the Philippines recorded 1.8 million tourist arrivals. When we assumed office in 2010, this figure had grown to only around 3.1 million. Take note: Despite the length of their time in office, the previous administration only managed to add a mere 1.3 million tourist arrivals—and we contributed half a year to that number. Under our administration, we welcomed 2.1 million tourist arrivals by June 2012. More will arrive during peak season, before the end of the year, so I have no doubt that we will meet our quota of 4.6 million tourist arrivals for 2012. This means that we will have a year-on-year increase of 1.5 million tourists. The bottom line: In two years, we would have had a bigger growth in tourist arrivals, compared to the increase charted by the previous administration in their nine years. We are not singing our own praises; we are merely stating the truth.
But Secretary Mon Jimenez is still not satisfied. He says: If 24.7 million tourists came to Malaysia in 2011, and around 17 million visited Thailand, would it be too far-fetched to have ten million tourists visiting the Philippines annually by 2016? And if the Filipino people continue to embody the same solidarity that allowed the Puerto Princesa Underground River to become one of the New Seven Wonders of Nature, there is no doubt that we will be able to achieve this. As we have already announced to the entire world: “It’s more fun in the Philippines.” Secretary Mon Jimenez has been at his post for less than a year, but we are already reaping the fruits of the reforms we have laid down. So, when it comes to tourism, we are confident in saying, “It’s really more fun—to have Secretary Mon Jimenez with us.”
When it comes to growth and development, agriculture is at the top of our priorities. Secretary Alcala has been working nonstop to deliver us good news. Before, it seemed as though the officials of the DA cultivated nothing but NFA’s debts. The NFA that our predecessors took over had a 12-billion peso debt; when they left office, they then bequeathed to us a debt of 177 billion pesos.
For so long in the past, we were led to believe that we were short 1.3 million metric tons of rice, and that we needed to import 2 million metric tons to address this shortage. They ordered rice as if it was unlimited—but because we had exceeded far more than what we needed, imported rice went to rot in the warehouses.
In just our first year, we reduced the annual shortage of 1.3 million metric tons to just 860,000 metric tons. This year, it is down to 500,000—including a buffer stock to dip into in times of calamity. And, if the weather cooperates, we’ll be able to export rice next year.
Secretary Alcala has said that key to our success is a feasible irrigation program and the assiduous implementation of the certified seeds program. What is galling is that this knowledge is not new—it simply wasn’t applied. If they had only done their jobs right, where could we have been by now?
Look at our coconut industry: Coconut water, once treated as a waste product, is now being utilized by our farmers. From 483,862 liters exported in 2009, to 1,807,583 liters in 2010, to a staggering 16,756,498 liters of cocowater exported in 2011. And where no one previously paid heed to coconut coir, we are now experiencing a shortage due to the high demand of exporters. We are not wasting this opportunity: We are buying the machines that will process the coco fibers. We have allocated 1.75 billion pesos to invest in, and develop, this sector.
My mother initiated the Comprehensive Agrarian Reform Program. It is only just that this program sees its conclusion during my term.
We are improving the system, so that we can more swiftly and more efficiently realize agrarian reform. The government is doing everything in its power to ensure that our farmers can claim as their own the land they have tilled and nurtured with their sweat.
There are those, however, who wish to obstruct us. I say to them: We will obey the law. The law says, the nation says, and I say: Before I step down, all the land covered by CARP will have been distributed.
Let me shed some light on our advances in the energy sector. In the past, an electrical wire needed only to reach the barangay hall for an entire barangay to be deemed energized. This was the pretext for the claim that 99.98 percent of the country’s barangays had electricity. Even the delivery of so basic a service was a deception?
We challenged DOE and NEA, allocating 1.3 billion pesos to light up an initial target of 1,300 sitios, at the cost of one million pesos per sitio. And the agencies met the challenge—they lit up 1,520 sitios, at a total cost of 814 million pesos. They accomplished this in three months, instead of the two years it took the people that preceded them. Secretary Rene Almendras, I give you credit; you never seem to run out of energy. With public service, you are not only ever-ready, but like an energizer bunny too—you keep on going, and going, and going.
We have suffused the nation with light—and it is this light, too, that has exposed the crimes that occur in the shadowed corners of society. What the Filipino works so hard for can no longer be pilfered. Crime volume continues to decline across the country. In 2009, over 500,000 crimes were recorded—this year, we have cut that number by more than half, to 246,958. Moreover, 2010’s recorded 2,200 cases of carnapping has likewise been reduced by half—to 966 cases this 2011.
It is these facts that, we hope, will be bannered in headlines. We do not claim that we have ended criminality, but I’m sure no one would complain that it has been reduced. In the span of just a little more than a year, haven’t we finally put Raymond Dominguez in jail, after years of  being in and out of prison? Charges have been filed against two of his brothers as well, and they are now serving time, too. Of the two suspects in the Makati bus bombing of the past year—one is dead, and the other is living in a jail cell. He shares the same fate as the more than ten thousand individuals arrested by PDEA in 2011 for charges relating to illegal drugs.
Pacquiao does not fight every day, and so we can’t rely on him to bring down the crime rate. That is why we’re strengthening our police force. When this administration began, 45 percent of our police carried no guns and probably relied on magic charms as they chased criminals. But now we have completed the bidding—and we are now testing the quality—for an order of 74,600 guns, which we will provide our police, so that they may better serve and protect the nation, our communities, and themselves.
Let us now talk about national defense. Some have described our Air Force as all air and no force. Lacking the proper equipment, our troops remain vulnerable even as they are expected to be put in harm’s way. We cannot allow things to remain this way.
After only one year and seven months, we have been able to allocate over 28 billion pesos for the AFP Modernization Program. This will soon match the 33 billion pesos set aside for the program in the past 15 years. And we’re only getting started: if our proposed AFP modernization bill is passed in Congress, we will be able to allocate 75 billion pesos for defense within the next five years.
The 30-million dollar fund entrusted to us by the United States for the Defense Capability Upgrade and Sustainment of Equipment Program of the AFP is now ready as well. This is in addition to their assistance in improving the way we patrol our shores under the Coast Watch Center of the Philippines, which will soon be established.
At this moment, the Armed Forces is likewise canvassing equipment such as cannons, personnel carriers, and frigates. Before long, the BRP Ramon Alcaraz, our second Hamilton class cutter, will drop anchor, to partner with the BRP Gregorio del Pilar. We will no longer send paper boats out to sea. Now, our 36,000 kilometers of coastline will be patrolled by more modern ships.
And perhaps it is an apt time for our Armed Forces to clean up their hangars, because we will be having equipment arriving soon to further fortify our defenses. Finally, our one and only C-130 that has been roaming our skies for the past 36 years will have partners: Two more C-130s will once again be operational. Before this year ends, we are hopeful that the twenty-one refurbished UH-1H Helicopters, the four combat utility helicopters, the radios and other communication equipment, the rifles, the mortars, the mobile diagnostic laboratories, and even the station bullet assemblies we have purchased will be delivered. Come 2013, ten attack helicopters, two naval helicopters, two light aircraft, one frigate, and air force protection equipment will also be arriving.
And it is not only through better equipment that we demonstrate our commitment to help our police and our soldiers. We have eased their financial burdens through the 22,000 houses that have been built under the AFP–PNP housing program.
We are not doing this because we want to be an aggressor, we are not doing this because we want escalation. This is about keeping the peace. This is about protecting ourselves—something that we have long thought impossible. This is about the life of a soldier who risks his life every day; this is about his family, who awaits his safe return, despite the challenges that confront him.
Let’s listen to some of the beneficiaries of these programs tell us in their own words how their lives have been changed.
[Video starts]

“We thank the Lord God for giving us this opportunity and these blessings. Also, because we have such a good President. Through these projects, we know he has the well-being of our armed forces and law enforcers at heart.” – SPO1 Domingo Medalla [PNP Housing Beneficiary]
“We’re doing our best to get by, and I’m doing my best to get my kids to go to school. That’s my only mission in life: to give my kids a proper education, so that they will do right in the world. They need good parenting for that. I’m thankful for the conditional cash transfer program. I learned a lot from it.” – Eva Neri [CCT beneficiary]
“It’s a great help that our family is one of—if I’m not mistaken, one of the first—beneficiaries of the Category Z Package of PhilHealth. I’m so thankful for this. My child getting sick is not something to look forward to, but if that happens, PhilHealth will be there to ease the burden.” – Kristine Tatualla [PhilHealth beneficiary]
“I was one of the participants of the Oakwood Mutiny. The change that is happening today, it’s what we’ve been fighting for. These days, because of President Aquino’s housing program, it’s possible for us to own our own homes.” – PFC Rolly Bernal [AFP Housing Beneficiary]
[Video ends]
Now that the people care for them, the more impassioned our soldiers are in winning the peace. We consider the 1,772 outlaws whose violence has come to an end a great triumph. One example is the infamous terrorist, Doctor Abu, who will never again strike fear in the hearts of our countrymen. We also celebrate the peace and quiet that has returned to places where our countrymen were once deafened by gunfire. As a result of our solidarity: 365 barangays have been liberated from the enemy, 270 buildings and schools have been repaired, and 74 health centers have been built.
While we are on the subject of peace, let us talk about a place that has long stood as a symbol of frustrated hopes. Before our reforms in the ARMM began, what we had were ghost students walking to ghost schools on ghost roads, to learn from ghost teachers. Some of the apparitions that haunted OIC Governor Mujiv Hataman: Four schools found with ghost students; we are also investigating the teachers whose names do not appear in the list of the Professional Regulation Commission, as well as the government workers not listed in the plantilla. Fifty-five ghost entries have been taken off the payroll. The previous scheme of regraveling roads again and again just to earn money has been outlawed. To avoid abuse, we have ended cash advances for agencies. Now, the souls of the ghosts in voters lists can rest in peace. This is why, to OIC Governor Mujiv Hataman, we can say to you: You are indeed a certified ghost buster.
What we have replaced these phantoms with: real housing, bridges, and learning centers for Badjaos in Basilan. Community-based hatcheries, nets, materials to grow seaweeds, and seedlings that have benefited 2,588 fishermen. Certified seeds, gabi seedlings, cassava, rubber, and trees that are bearing fruit for 145,121 farmers. And this is only the beginning. 183 million pesos has been set aside for the fire stations; 515 million pesos for clean drinking water; 551.9 million pesos for healthcare equipment; 691.9 million pesos for daycare centers; and 2.85 billion pesos for the roads and bridges across the region. These are just some of the things that will be afforded by the aggregate 8.59 billion pesos the national government has granted the ARMM. Also, allow me to clarify: This does not include the yearly support that they receive, which in 2012 reached 11.7 billion pesos.
Even those who previously wanted to break away are seeing the effects of reform. Over the past seven months, not even a single encounter has been recorded between the military and the MILF. We recognize this as a sign of their trust. With regard to the peace process: Talks have been very open; both sides have shown trust and faith in one another. There may be times when the process can get a little complicated, but these are merely signs that we are steadily moving closer to our shared goal: Peace.
We likewise engaged stakeholders in a level-headed discussion in crafting our Executive Order on mining. The idea behind our consensus we reached: that we be able to utilize our natural resources to uplift the living conditions of the Filipinos not just of today, but also of the following generations. We will not reap the rewards of this industry if the cost is the destruction of nature.
But this Executive Order is only the first step. Think about it: In 2010, 145 billion pesos was the total value derived from mining, but only 13.4 billion or 9 percent went to the national treasury. These natural resources are yours; it shouldn’t happen that all that’s left to you is a tip after they’re extracted. We are hoping that Congress will work with us and pass a law that will ensure that the environment is cared for, and that the public and private sectors will receive just benefits from this industry.
Let us talk about the situation in Disaster Risk Reduction and Management. Once, the government, which is supposed to give aid, was the one asking for aid. Today, even when the storm is still brewing, we already know how to craft clear plans to avoid catastrophe.
Talking about disasters reminds me of the time when a typhoon struck Tarlac. The dike collapsed due to the rains; when one of the barangay captains awoke, the floods had already taken his house, as well as his farming equipment. Fortunately, the entire family survived. But the carabao they had left tied to a tree wasn’t as lucky; it was strangled to death from the force of the flood.
Many of those affected by typhoons Ondoy, Pepeng, and Sendong were just as defenseless. We lost so many lives to these natural disasters. And now, through Project NOAH, all our anti-disaster initiatives have been brought inside one boat, and we no longer leave the evacuation of families up to mere luck. We now have the technology to give fair warning to Filipinos in order to prepare for and avoid the worst.
Our 86 automated rain gauges and 28 water level monitoring sensors in various regions now benefit us directly and in real-time. Our target before the end of 2013: 600 automated rain gauges and 422 water level sensors. We will have them installed in 80 primary river basins around the country.
Yet another change: Before, agencies with shared responsibilities would work separately, with little coordination or cooperation. Now, the culture of government is bayanihan—a coming together for the sake of the people. This is what we call Convergence.
There have always been tree planting programs in government—but after the trees have been planted, they were left alone. Communities that needed livelihood would cut these down and turn them into charcoal.
We have the solution for this. 128,558 hectares of forest have been planted across the country; this is only a fraction of the 1.5 million-hectare farmlands to be laid out before we step down. This covers the communities under the National Convergence Initiative. The process: When a tree is planted, the DWSD will coordinate with communities. In exchange for a conditional cash transfer, communities would take care of the trees; some would help nurture seeds in a nursery. 335,078 individuals now earn their livelihood from these activities.
The private sector has likewise taken part in a program that hands out special coffee and cacao beans to communities, and trains the townsfolk, too, to nurture those seeds into a bountiful harvest. The coffee is planted in the shade of the trees that in turn help prevent flooding and protect the people. The company that hands out the seeds are sure buyers of the yield. It’s a win-win situation—for the private sector, the communities with their extra income, and the succeeding generations that will benefit from the trees.
Illegal logging has long been a problem. From the time we signed Executive Order No. 23, Mayor Jun Amante has confiscated lumber amounting to more than six million pesos. He has our gratitude. This is just in Butuan; what more if all our LGUs demonstrated the same kind of political will? 
The timber confiscated by DENR are handed over to TESDA, which then gives the timber to communities they train in carpentry. From this, DepEd gets chairs for our public schools. Consider this: What was once the product of destruction has been crafted into an instrument for the realization of a better future. This was impossible then—impossible so long as the government turned a blind eye to illegal activities.
To those of you without a conscience; those of you who repeatedly gamble the lives of your fellow Filipinos—your days are numbered. We’ve already sanctioned thirty-four DENR officials, one PNP provincial director, and seven chiefs of police. We are asking a regional director of the PNP to explain why he seemed deaf to our directives and blind to the colossal logs that were being transported before his very eyes. If you do not shape up, you will be next. Even if you tremble beneath the skirts of your patrons, we will find you. I suggest that you start doing your jobs, before it’s too late.
From the womb, to school, to work, change has touched the Filipino. And should a life of government service be chosen, our people can expect the same level of care from the state, until retirement. Our administration will recognize their contributions to our society as public servants, and will not withhold from them the pensions they themselves contributed to.
Consider: some retirees receive less than 500 pesos a month. How does one pay for water, power, and food, daily? Our response: With the New Year comes our resolution that all old-age and disability pensioners will receive no less than five thousand pesos monthly. We are heartened that we can meet their needs now, without jeopardizing their future benefits.
The face of government has truly changed. Our compensation levels are at par with the private sector’s at the entry level. But as you rise through the ranks, private-sector pay overtakes the government.
We will close that gap in time; for now, we have good news for government employees: Performance-Based Incentives. In the past, even poorly performing agencies would not have any employees with ratings lower than “very satisfactory.” To maintain smooth interpersonal relations, supervisors would have a hard time giving appropriate ratings. Exceptional employees are not recognized: their excellence is de-incentivized, and receive the same rewards as laziness and indolence.
Here is one of our steps to respond to this. Starting this year, we will implement a system in which bonuses are based on their agency’s abilities to meet their annual targets. Employees now hold the keys to their own advancement. Incentives may reach up to 35,000 pesos, depending on how well you do your jobs. This is in addition to your across-the-board Christmas bonus.
We are doing this not only to boost morale and to show due appreciation of our public servants. This is, above all, for the Filipino people, who expect sincere and efficient service—who expect that they will continue to be the sole Bosses of our workers in government.
There have always been people who have questioned our guiding principle, “If there is no corruption, there is no poverty.” They ask if good governance can put food on the table. Quite simply: Yes.
Think about it: Doing business in the Philippines was once considered too risky—the rules were too opaque and they were constantly changing. A person shaking your hand one day may pick your pocket the next.
Now, with a level playing field, and clear and consistent rules, confidence in our economy is growing. Investments are pouring in, jobs are being created, and a virtuous cycle has begun—where empowered consumers buy more products, and businesses hire more people so they can expand to keep up with the growing demand.
Prudent spending has allowed us to plug the leaks in the system, and improved tax collection has increased revenues. Every peso collected is properly spent on roads, on vaccines, on classrooms and chairs—spent on our future.
We have fixed the system by which we build roads, bridges, and buildings—they now go where they are truly needed. Our roads are properly paved; products, services, and people reach their destination quickly and with greater ease.
Because of good governance in agriculture, food production has increased, prices don’t fluctuate, wages are stable, and our economy is stronger.
It is true: A resilient and dynamic economy resting on the foundations of good governance is the best defense against global uncertainty. We have been dismantling the obstacles to progress for two years, and now, our success can only be limited by how hard we are willing to work for it.
We achieved all these things even as countries around the world were surmounting their own challenges.
We exist in this world with others. And so it is only appropriate that even as we attend to our own problems, we remain vigilant about some events that affect us.
The situation in Bajo de Masinloc has been the source of much discussion. Chinese fishermen entered our territory. Our patrol boats intercepted some of their ships, which contain endangered species. As your leader, it is my duty to uphold the laws of our country. And as I did, tension ensued: on one hand, the Chinese had their Nine-Dash Line Theory laying claim to almost the entire West Philippine Sea; on the other, there was the United Nations Convention on the Laws of the Sea, which recognized the rights of many countries, including that of China itself.
We demonstrated utmost forbearance in dealing with this issue. As a sign of our goodwill, we replaced our navy cutter with a civilian boat as soon as we could. We chose not to respond to their media’s harangues. I do not think it excessive to ask that our rights be respected,  just as we respect their rights as a fellow nation in a world we need to share.
There are those who say that we should let Bajo de Masinloc go; we should avoid the trouble. But if someone entered your yard and told you he owned it, would you agree? Would it be right to give away that which is rightfully ours?
And so I ask for solidarity from our people regarding this issue. Let us speak with one voice. Help me relay to the other side the logic of our stand.
This is not a simple situation, and there can be no simple solutions. Rest assured: We are consulting experts, every leader of our nation, our allies—even those on the other side—to find a resolution that is acceptable to all.
With every step on the straight and righteous path, we plant the seeds of change. But there are still some who are committed to uprooting our work. Even as I speak, there are those who have gathered in a room, whispering to each other, dissecting each word I utter, looking for any pretext to attack me with tomorrow. These are also the ones who say, “Let go of the past. Unite. Forgive and forget so we can move forward as a people.”
I find this unacceptable. Shall we simply forgive and forget the ten years that were taken from us? Do we simply forgive and forget the farmers who piled up massive debts because of a government that insisted on importing rice, while we could have reinvested in them and their farmlands instead? Shall we forgive and forget the family of the police officer who died while trying to defend himself against guns with nothing but a nightstick?
Shall we forgive and forget the orphans of the 57 victims of the massacre in Maguindanao? Will their loved ones be brought back to life by forgiving and forgetting? Do we forgive and forget everything that was ever done to us, to sink us into a rotten state? Do we forgive and forget to return to the former status quo? My response: Forgiveness is possible; forgetting is not. If offenders go unpunished, society’s future suffering is guaranteed.
True unity and reconciliation can only emanate from genuine justice. Justice is the plunder case leveled against our former president; justice that she receives her day in court and can defend herself against the accusations leveled against her. Justice is what we witnessed on the 29th of May. On that day, we proved that justice can prevail, even when confronted with an opponent in a position of power. On that day, a woman named Delsa Flores, in Panabo, Davao del Norte, said “It is actually possible: a single law governing both a simple court reporter like me, and the Chief Justice.” It is possible for the scales to be set right, and for even the rich and powerful to be held accountable.
This is why, to the next Chief Justice, much will be demanded of you by our people. We have proven the impossible possible; now, our task is reform toward true justice that continues even after our administration. There are still many flaws in the system, and repairing these will not be easy. I am aware of the weight of your mandate. But this is what our people tasked us to do; this is the duty we have sworn to do; and this what we must do.
Our objectives are simple: If you are innocent, you will appear in court with confidence, because you will be found not guilty. But if you are guilty, you will be made to pay for your sins, no matter who you are.
I would also like to thank Ombudsman Conchita Carpio-Morales, for accepting the challenges that came with the position. She could have turned down the responsibility, citing her retirement and volunteering others for the job—but her desire to serve the nation won out. This generosity was met with a grenade in her home. Ma’am, more challenges will come; in time, perhaps, they’ll give you the same monikers they’ve given me—a greedy capitalist who is also a communist headed toward dictatorship because of the reforms we have been working so hard to achieve.
I thank you for your work, and I thank you for being an instrument of true justice—especially at the height of the impeachment trial. I thank, too, the two institutions that form our Congress—the Senate and the House of Representatives—which were weighed and measured by the Filipino people, and were not found wanting.
To everyone that ensured that our justice system worked well: You weathered many challenges and criticism, and even misgivings; couple that with the anxiety over possible failure, of having to face the ire of those you went up against, after a mission lost. But you did not falter. The Filipino people were relying on you, and you proved that their faith was rightly placed. You did not fail the nation; you further brightened our futures.
Let me remind you that our fight does not end with the ousting of one corrupt official, with the suspension of an anomalous contract, or the systemic overhauling of a government office. I call upon Congress to pass our amendments to the Anti-Money Laundering Act, that we may strengthen our measures to hold the corrupt accountable.
Every town that has and will be lighted; the highways, bridges, airports, trains, and ports we have built; fair contracts; the peace in our cities and our rural areas; every classroom, desk, and book assigned to a child; every Filipino granted a future—all of these, we have achieved in just two years. We have advanced an agenda of reform in these last two years, a marked contrast to our suffering in the decade that came before.
If we share the same ideals and work for the same goals, then we are bound by a shared agenda. But if you are against us, it only follows that you are against what we are doing. Whoever stands against the agenda for genuine change—can the people really count them as being on their side?
Elections are fast approaching. You, our Bosses, will be our compass. I ask you, “Boss, what direction will we take? Do we continue treading the straight and righteous path, or do we double-back—toward the crooked road that leads to a dead end?”
I remember well those early days when we first started working. I was keenly aware of the heavy burdens we would face. And I was among those who wondered: Is it possible to fix a system this broken?
This is what I have learned in the 25 months I have served as your president: Nothing is impossible. Nothing is impossible because if the Filipino people see that they are the only Bosses of their government, they will carry you, they will guide you, they themselves will lead you toward meaningful change. It isn’t impossible for the Philippines to become the first country in Southeast Asia to provide free vaccines for the rotavirus. It isn’t impossible for the Philippines to stand strong and say, “The Philippines is for Filipinos—and we are ready to defend it.” It is not impossible for the Filipino who for so long had kept his head bowed upon meeting a foreigner—it is not impossible for the Filipino, today, to stand with his head held high and bask in the admiration of the world. In these times—is it not great to be a Filipino?
Last year, I asked the Filipino people: Thank those who have done their share in bringing about positive change in society. The obstacles we encountered were no laughing matter, and I believe it is only right that we thank those who shouldered the burdens with us, in righting the wrongs brought about by bad governance.
To all the members of my Cabinet: my sincerest thanks. The Filipino people are lucky that there are those of you ready to sacrifice your private and much quieter lives in order to serve the public, even if you know that you will receive smaller salaries, dangers, and constant criticism in return.
And I hope that they will not mind if I take this opportunity to thank them today: to Father Catalino Arevalo and Sister Agnes Guillen, who have nurtured and allowed my spiritual life to flourish, especially in times of greatest difficulty: my deepest gratitude.
This is my third SONA; only three remain. We are entering the midpoint of our administration. Last year, I challenged you to fully turn your back on the culture of negativism; to take every chance to uplift your fellow Filipinos.
From what we are experiencing today, it is clear: You succeeded. You are the wellspring of change. You said: It is possible.
I stand before you today as the face of a government that knows you as its Boss and draws its strength from you. I am only here to narrate the changes that you yourselves have made possible.
This is why, to all the nurses, midwives, or doctors who chose to serve in the barrios; to each new graduate who has chosen to work for the government; to each Filipino athlete who proudly carries the flag in any corner of the globe, to each government official who renders true and honest service: You made this change possible.
So whenever I come face to face with a mother who tells me, “Thank you, my child has been vaccinated,” I respond: You made this happen.
Whenever I come face to face with a child who tells me, “Thank you for the paper, for the pencils, for the chance to study,” I respond: You made this happen.
Whenever I come face to face with an OFW who tells me, “Thank you, because I can once again dream of growing old in the Philippines,” I respond: You made this happen.
Whenever I come face to face with a Filipino who says, “Thank you, I thought that we would never have electricity in our sitio. I never imagined living to see the light,” I respond: You made this happen.
Whenever I come face to face with any farmer, teacher, pilot, engineer, driver, call center agent, or any normal Filipino; to every Juan and Juana dela Cruz who says, ”Thank you for this change,” I respond: You made this happen.
I repeat: What was once impossible is now possible. I stand before you today and tell you: This is not my SONA. You made this happen. This is the SONA of the Filipino nation. Thank you.
[callout align=”left” width=”320″]
Read the 2012 SONA Technical Report
Basahin ito sa Filipino
[/callout]"
Benigno S. Aquino III,22-Jul-13,Fourth State of the Nation Address,https://www.officialgazette.gov.ph/2013/07/22/english-benigno-s-aquino-iii-fourth-state-of-the-nation-address-july-22-2013/,"Batasang Pambansa, Quezon City","State of the Nation Address
of
His Excellency Benigno S. Aquino III
President of the Philippines
To the Congress of the Philippines
[This is an English translation of the SONA delivered at the Session Hall of the House of Representatives, Batasang Pambansa Complex, Quezon City, on July 22, 2013]
Vice President Jejomar Binay; Senate President Franklin M. Drilon; Speaker Feliciano Belmonte Jr.; Chief Justice Maria Lourdes Sereno and the eminent Justices of the Supreme Court; former Presidents Fidel Valdez Ramos and Joseph Ejercito Estrada; distinguished members of the diplomatic corps; honorable members of the House of Representatives and of the Senate; our leaders in local government; members of the Cabinet; members of the military and police in uniform; my fellow public servants; and, of course, to my Bosses, the Filipino people, a pleasant afternoon to all.
This is my fourth SONA; only two remain. Almost four years have passed since I was approached by various camps to urge me to run for the presidency. They said: “We know that our country’s problems cannot be solved in the blink of an eye, in one year, or even within the six-year term of a President. But just begin, and we will be one with you in nurturing change.”
Even then, I was aware of the significant problems that I would have to face. From being a candidate, to being President, or even after I step down from office, the difficulties I will have to face are no joke. Widespread transformation of society is my objective, and I am aware that there are many things and many people I would have to confront in order to achieve this. But I was not raised by my parents to back down in the face of challenges. I would not be able to live with myself if I had refused the chance to alleviate the suffering the Filipino should not have to endure.
We have answered the call, and those who have been with us from the start have only grown in number. I believe that if what I have been doing is right, then our allies will only grow. Just this May, I asked you, Boss, are we going in the right direction? Your reply: “Yes, and let us accelerate the transformation of society.” I asked for allies that would help steer the country in one direction, and you delivered. The truth is, not only the majority, not even nine of twelve, but nine of the top ten senators are individuals that I recommended to you. The message of the past election is clear: Yes, let us keep going, let us add to the 8,581 sitios that we have electrified; let us add to the 28,398 families who were once informal settlers but who finally have, or will soon have, decent homes; let us increase the not less than 40 billion pesos in additional funds that go to education, health, social services, and many others because of the right and more efficient collection of taxes; we feel all the other tangible signs that society is truly changing. I have become even more optimistic because of your message; it is clear that I am not alone in carrying these responsibilities. How can I not be encouraged, when even the likes of Mr. Niño Aguirre are helping shape our future? Just think: Though unable to walk, he climbed all the way to his fourth-floor precinct, just so that he could vote and contribute to true social transformation. Thank you, Mr. Aguirre.
There is no shortage of Filipinos who are ready to pitch in, and this is the source of the change we now experience. The strategy—maximize opportunities for all, especially for those most in need. We are not content to wait for the trickle-down effect; we cannot leave their fate—their receiving the benefits of progress—to chance. What we call inclusive growth—this all-encompassing progress—is the principle that drives every initiative, every action, and every decision of your government. The only ones who will be left behind are those who chose not to venture onwards with us, simply because they did not seize the opportunity.
The basis for this principle: Widespread opportunity is the key to comprehensive and sustained progress. Let us not forget that these opportunities are but seeds. We must water them with diligence, nourish them with determination, and cultivate them with dedication. Let us take a look at our TESDA-DOLE scholars. Of the 503,521 people who have graduated from their programs, an estimated six out of ten have found jobs. Before this, according to studies conducted by the DBM from 2006 to 2008, only 28.5 percent of TESDA graduates found jobs. Last year, under TESDA’s IT-BPO program, 70.9 percent of the graduates found employment. Under the electronics and semiconductor program, the percentage of employed graduates reached 85 percent. It is clear: You are the ones who will shape this growth, you are the ones who will determine whether the fruits of our labors become sweet and ripe for the picking, or if you will let them rot away and waste the chances that this new chapter in our history has given us.
Let us go through everything one by one. Our objective to expand the reach of the Pantawid Pamilyang Pilipino Program: achieved. The over 700,000 household beneficiaries we found upon coming into office in 2010 have now grown to almost 4 million households in the three years of our administration.
There is more: According to research conducted by the Philippine Institute for Development Studies, compared with those who only finished the elementary level, the income of high school graduates is 40 percent higher. Is it not right that we maximize the help we give these families, so that our young beneficiaries can finish high school, thereby helping them make the most out of the benefits of this program? That is why next year, families with children up to 18 years old will be included in this program so that their children will be able to finish high school.
Let us move on to education. Our goal is to raise the quality of learning that our children undertake, so that once they finish their schooling, they can seize the opportunities now opening up in society: accomplished. We have finally erased the backlog we inherited in books and chairs, and if Secretary Armin Luistro continues to demonstrate true grit, even the backlog we inherited in classrooms will also be erased this year. And there is even more good news: Now, we also have the ability to prepare for the additional needs that the implementation of the K to 12 program will require.
The problems that plagued Brother Armin in the DepEd are no laughing matter. Just think: One textbook used to be priced at 58 pesos; since he assumed office, the price of the exact same textbook has gone down to 30 pesos. What would have happened if we had been paying the proper price from the beginning? If we had saved the difference of 28 pesos for all the books bought, at five textbooks for each of the estimated 20.7 million students in our public school system, the equivalent would amount to almost 2.9 billion pesos. These savings alone could have funded our plans to repair and rehabilitate around 9,502 classrooms.
If Brother Armin didn’t have strength of will, he could have just left this culture of negligence in his agency for his successor to deal with. He could have also left the backlog, as well as the growing gap of needs because of the rising number of enrollees each year. But instead of being content, instead of saying, “This will do. My job is done,” Brother Armin will build even more chairs and classrooms, and will buy even more books, to ensure that even the needs in future years will also be met.
Regarding the strengthening of our agricultural sector, this has also been achieved. Just think: According to the NFA, in 2010, the country imported more than 2 million metric tons of rice. In 2011, this fell to 855,000 metric tons. In 2012: 500,000 metric tons. And now in 2013, the maximum we, including the private sector, will import will be the minimum access volume of 350,000 metric tons. This includes the 187,000 metric tons of reserve buffer stock in case typhoons arrive one after the other; in all likelihood, even the private sector will no longer have to import rice because we are still on track to becoming self-sufficient in rice. In addition to that, we have begun exporting premium-quality rice. We have truly come so far from those days when it was said that we could not even feed ourselves.
The proof is in the data: This sector grew 3.3 percent in the first three months of 2013. This is triple the 1.1 percent growth it recorded in the same time period in 2012. That is why we continue to sow initiatives that will certainly bear the fruits of even greater progress for our farmers.
For example, the coconut sector. According to research conducted in 2009, coconut farmers make up one of the poorest sectors in the country. Let us look at the process of growing coconuts: Once planted, farmers wait seven years for the coconut tree to bear fruit; but after this, two generations will be able to benefit without doing anything else apart from harvesting the fruit. We have the potential to vastly increase the income of this sector if we can foster a culture that truly encourages hard work and productivity. The solution: intercropping.
The government will help you to strengthen your coconut farms; but in exchange, you will be required to sow different kinds of seeds in between the rows of coconut trees.  Doing so will raise the frequency of crop harvests, and depending on what they plant, their income will also increase. If they grow only coconuts, the farmers would earn about 20,000 pesos a year per hectare. But if they add coffee, they could reach about 172,400 pesos a year; if they add bananas, they could earn 102,325 pesos, while adding cacao would give them 89,000 pesos. Isn’t that such a huge difference?
We have already begun laying down initiatives for this: In 2012, we were able to use 5,500 hectares of land for intercropping in 90 different locations throughout the country. This program covered 10,000 farmers. Our target for 2013: an additional 434 sites for coconut intercropping.
We are also now steering our fishermen towards more productive waters. Think about it: our fishing industry contributed 193.65 billion pesos to our economy in 2012. In spite of this, based on a study last conducted in 2009, 41 percent of our fisherfolk still live below the poverty line. They are the ones who catch the fish, but all they have on their dinner tables are fish bones.
That is why various government initiatives are in place to help free our fisherfolk from the broad net cast by poverty. An example would be our initiative for Bataraza in Palawan. The waters here brim with fish. But because the fish cannot be brought to the merchants on time, still fresh, the fishermen end up having to dry the fish and sell tuyo instead. It is such a waste, because every three kilos of lapu-lapu is only equivalent to one kilo of tuyo. What if the freshness of the fish could be preserved in a cold storage facility? You could go to the merchant and still sell your catch at full price. You would exert the same amount of effort, but you would receive the right compensation for it. That is why the cold storage facility in Bataraza is already in the works. In addition, we are also constructing new piers in strategic areas to raise productivity and income. We are constructing and adding new roads, bridges, and other kinds of infrastructure, including various services, for our fisherfolk.
The DILG, BFAR, and Coast Guard are also tightly monitoring irresponsible and unrestrained forms of fishing; this I ask of our fishermen: allow our fish to repopulate. I ask for your solidarity in caring for your own livelihood. As you no doubt see, the state has already opened up opportunities for you, but the result is in your hands.
If there is one topic my name is often associated with, that would have to be Hacienda Luisita. I would like to inform you that back in February, in compliance with the decision of the Supreme Court, the Department of Agrarian Reform has completed the list of qualified beneficiaries for the land in Luisita. According to Secretary Gil de los Reyes, the process to determine the beneficiaries’ lots began last week, and the turnover of these lots will begin in September of this year.
As for other large tracts of land: We have long tasked the DAR, DENR, LRA, and Land Bank to develop a framework for speeding up the parceling out of land. I would like to remind everyone: Correct data is the first step to the orderly implementation of CARPER. But we inherited a land records system that is problematic and defective. This is why, from the start, the DOJ, LRA, DENR, and DAR have worked to fix this system, and now we are at a point where we can guarantee that in the next year, all notices of coverage will have been served for lands covered by comprehensive agrarian reform.
It is clear: The state was established to serve you. If you have health problems, the government must care for you; in times of illness, it should be there to give aid and support. What has our government done in this regard?
Our goal to extend PhilHealth coverage to more of our countrymen has been achieved. When we began, 62 percent of Filipinos were enrolled; now, that number stands at 81 percent. The remaining number still not on our lists are those we are seeking to identify, including those in the informal settlers’ and indigenous people’s sectors. We are counting on the cooperation of our local governments to ensure that all of our countrymen are enrolled in the system.
It is not just PhilHealth’s roster of enrollees that is growing: so is its scope of services. The past year saw the launch of the Z Benefit Package. This past February, this was upgraded with the Expanded Z Benefit Package. The poorest of the poor can now avail of free medical care at public hospitals for more medical conditions than ever before. Last year, breast cancer, prostate cancer, and acute leukemia were included on the list of covered conditions; today, coronary bypass, and corrective surgery for holes and defective blood vessels in the heart, are also included in the package.
All these health benefits would go to waste if our health care facilities are substandard, or inaccessible to our countrymen in the provinces. This is why we have gone all-out in funding health care infrastructure projects: These past three years, we have budgeted a total of 33 billion pesos for the improvement and modernization of 4,518 hospitals, rural health units, and barangay health stations nationwide. Among these are Region 1 Medical Center in Dagupan City, which has successfully completed five kidney transplants in the last year; the Bicol Regional Training and Teaching Hospital in Legazpi; the Vicente Sotto Medical Center in Cebu; and the Northern Mindanao Medical Center in Cagayan de Oro, which, according to Secretary Ike Ona of the DOH, now have the capacity to perform open heart surgery due to upgraded facilities and equipment. There is also the Davao Regional Hospital in Tagum City, the first cancer center outside Metro Manila.
Regarding disaster preparedness: Our goal to develop mechanisms to protect the Filipino people from natural calamities, we have also achieved. Among these are the effective services brought about by the joint forces of the Geohazard Mapping and Assessment Program and of Project NOAH of the DOST. This past year, we completed a multihazard mapping of the 28 most vulnerable locations in the country. A similar endeavor for the Greater Metro Manila Area will be completed by 2014. Geohazard maps for 496 cities and municipalities have also been completed. The remaining 1,138 covering every last corner of the country will be finished before the end of 2015. Not only have these maps increased in number, they are also more detailed and refined, which is why we will be able to more accurately identify high-risk areas.
From the time Project NOAH was launched, a total of 525 automated water level monitoring stations and automated rain gauges have been installed in 18 major river basins throughout the country. We also continue to modernize our weather detection technology, with Doppler radars, tsunami detectors, and alerting sirens.
But simply distributing high-tech equipment and new technology is not enough. We also need to train the end-users of this equipment in understanding, using, and disseminating the information gained. When the weather is bad, they no longer rely solely on wind speed for their forecasts; they can also predict the volume of rainfall, and they can provide correct and timely warnings so our communities can prepare accordingly.
We are also remedying the problem of flooding in Metro Manila.  Imagine: When Ondoy hit, an estimated 3,600 cubic meters per second of rainfall flowed down from the Sierra Madre. But the capacity of the channels through which these flowed can only support 1,000 cubic meters per second. Where would the difference of 2,600 cubic meters per second go? These are the sudden torrents of water that overflow into low-lying areas and become flash floods.
Haven’t we all heard before that “waterways are inalienable?” What this means is that the channels through which water passes should be for that purpose alone. The problem is, in addition to the lack of adequate drainage, certain structures are built, obstructing these drainage systems, a situation compounded by the trash of those living around it. To solve this problem, we are coordinating with our LGUs to safely and successfully relocate our informal settlers. In addition, a legal team led by Secretary Leila de Lima is preparing to file cases against those who have closed or obstructed our waterways.
We are not content with simply passing the blame and pointing fingers. Our action: an allocation of 6.2 billion pesos to prevent flooding throughout Metro Manila. This includes the construction of the Blumentritt Interceptor Catchment area. The entire project is 3.3 kilometers in length; and once it is completed, it will be able to catch the equivalent of 14 Olympic-sized swimming pools of water. When the rains hit, the rainwater now has somewhere to go, and will no longer accumulate on our streets. This project was started in March, and we aim to complete it by next year.
Government has been fulfilling its obligation to the people, but let us ask ourselves: How have I contributed to the solution? If someone dumps trash into a river, confront them; if you see a building being built obstructing an estuary, report it to the correct authorities. We will only drown in our problems if we do nothing.
Even after the storms have passed, our work to restore normalcy to the lives of calamity-struck families does not end. Through the cooperation of the government, and the private sector, 9,377 houses have been erected for the victims of typhoon Sendong. An additional 4,374 homes will be built before the end of the following year. We ask for patience and understanding, the process has been delayed because of the complex process of land acquisition; in truth, if discussions on other tracts of land go well, we will be able to construct an additional 2,719 houses.
We also aim to turn over a total of 53,106 homes to our countrymen who were left homeless by the onslaught of typhoon Pablo. We began to hand over houses in May; and we will complete another 17,609 homes by the end of the year. And by the time we finish the 35,447 homes still to be completed by 2014, all the families who felt nature’s wrath will once again find shelter under their own roofs.
Still on the subject of housing, this time for our men and women in uniform: More than a year ago, we had already built 21,800 housing units for our police force and soldiers. For Phase II of this project, we have already built an additional 26,050 homes out of our target of 31,200, and the rest will be completed by next month.
Apart from housing, livelihood projects are being implemented for the benefit of our troops. Several thousand hectares of land in three of our military camps—namely, Fort Magsaysay in Nueva Ecija, Camp Kibaritan in Bukidnon, and Camp Peralta in Capiz—will be the venues for these livelihood projects, which will give our soldiers additional income through plantations of bamboo, coffee, cacao, and palm oil. If before, soldiers were concerned solely with defending us, now, even military retirees can participate in improving our economy.
But our quest to find solutions to all the other problems we inherited regarding national defense does not stop here. Consider this: In 1986, there were an estimated 250,000 policemen and soldiers protecting a total of 55 million Filipinos. Today, we still have an estimated 250,000 policemen and soldiers, who protect 95 million Filipinos. Our population has almost doubled, while the number of our protectors has not changed.
We are sure to have critics who will say “Is this really a problem? Just add more policemen and soldiers. You can even reduce unemployment that way.” If only it were that simple. Let us look at the situation. The common pension scheme works like this: both members and employers contribute to the pension. Their contributions serve as capital for reinvestment, and the gains of these investments will in turn fund the retiring members’ pensions. But what is the true situation of the AFP and PNP pensions? No contributions have been made, but there are payments to make. Apart from this, the pensions of retirees have been indexed to the salaries of active personnel. This means that if the salaries of those in the service increase, so too will the pensions received by retirees or qualified families. Yearly, there are more and more men and women retiring, so, naturally, the obligations that must be paid out also increase. What is worse is that funds from the national budget are being used for these growing obligations: In 2012, 54.48 billion pesos were spent on soldiers’ and policemen’s pensions. This year, that figure will rise to 61.29 billion. By 2016, it will be at 80.64 billion. Our pension deficit will keep growing and growing and growing, eating into the budget allocation for other social services. How then do we add more servicemen, given such a context?
We need a system that fulfills our civic obligations to our policemen and armed forces; and it is likely that we will request the assistance of the GSIS in this regard. We are currently studying the feasibility of using reclaimed land to generate funds that will form part of the solution. After all, we cannot surprise the GSIS and ask them to account for the entirety of our needs, which is why an even more thorough study will be conducted to create a fair, sustainable, and clear mechanism for the pensions of PNP and AFP personnel. I call on Congress today: Let us review PD 1638 and RA 8551 to ensure that these pensions are timely, and balanced against national needs.
We see an equivalent solution for the problems that the SSS pensions will soon face. Consider that, since 1980, across-the-board pension increases occurred 21 times, but actual pension contribution increases only occurred twice. As a result, the SSS has accumulated an estimated 1.1 trillion pesos in unfunded liability. According to a study done in 2011, this shortfall will increase by 8 percent per annum, eventually resulting in the complete consumption of the fund 28 years from now. If this happens, the next generation is certain to suffer.
We believe that it is time to amend the SSS Pension Scheme. We must establish measures that remedy the outflow of funds. If we add 0.6 percent to the contribution rate, it will immediately deduct 141 billion pesos from the unfunded liability of the SSS. If we begin to invest in our future today, no further problems will be handed down to the next generation of Filipinos.
When it comes to our national police, our goal to strengthen their capabilities so that they may better fulfill their mandate: accomplished. Beginning this 2013, 30,000 policemen will finally be able go back to doing police work because we will be hiring civilian personnel who will focus on administrative work. After all, the skills and abilities of our police would be put to waste if we keep them imprisoned in the four corners of an office.
At the start of July 2013, we began distributing new 9mm Glock 17 pistols to our police. This is just the beginning: We are slated to distribute a total of 74,879 firearms among our police force, in keeping with our goal of a one-is-to-one police-to-pistol ratio.
These investments in our national police will yield abundant benefits, especially since this redounds to more efficient and reliable public service. Is it not true that we have gotten used to news of violence during elections? Oplan Katok directly addresses this. The goal of the program: track down loose firearms, which ensures that the guns we have licensed are in the possession of those authorized to do so. The police have knocked on a total of 491,929 front doors for the renewal of licenses. This contributed greatly to our campaign for Secure and Fair Elections, which yielded a 63 percent reduction among private armed groups—from the 112 during the 2010 elections, to just 41 this 2013. And from the 189 incidents of violence recorded in 2010, we have recorded only 77 confirmed incidents for the recently concluded election.
Let us use ARMM as an example. Governor Mujiv Hataman has said that he could not remember a time in his life when Lanao del Sur did not suffer a failure of elections. We should note that this was the first time that the ARMM elections were synchronized with the national elections. This means that, in the past, the full force of the State was focused on just one region, and yet it still had to call for a failure of elections. This 2013, because our uniformed forces had to safeguard elections across the entire country, there were those who thought the situation in ARMM would only get worse. But we have seen how vastly it has improved: ARMM successfully held a clean, safe, and fair election; votes were counted, and those whom the people charged with new mandates were proclaimed. Because of the diligence of our police force and of our soldiers, and the coming together of the nation, the 2013 elections were more peaceful.
But there are still incidents that sully our police force’s honor. We know of what happened to the members of the Ozamiz Gang—Ricky Cadavero and Wilfredo Panogalinga—who were caught, only to be killed. As with our investigation of the Atimonan incident, we will ensure that those at fault will be held accountable—regardless of their rank. Whoever masterminded all of this: prepare yourselves. I am close to learning who you are.
Despite these incidents, my confidence in and hope for our police remain high. They have never wanted for exemplars like PO3 Edlyn Arbo, who, despite being off-duty and unarmed, bravely confronted a mugger who embarked on the jeep she was on, and pursued him. There are also those like PO3 Felipe Moncatar, who has received countless commendations because of the growing list of criminals he has put in jail. I heard you’ve just apprehended another member of a syndicate—including members of carjacking syndicates and some of the most wanted in Bacolod. You may have also heard about PO2 Dondon Sultan. A car broke down along Quezon Boulevard, and PO2 Sultan stopped and offered his assistance. He did not just change a tire; he also helped bring the car to a mechanic. As thanks for his service, PO2 Sultan was offered 1,000 pesos—an offer he declined. He said, and I quote, “Our job is to help our countrymen.” We salute those of you who truly serve the public. You are proof that honest and capable policemen are not an endangered species. I have already instructed Secretary Mar Roxas of the DILG and Secretary Voltaire Gazmin of the DND to ensure that those like you in our uniformed services reap the appropriate rewards.
Add to these our disaster relief workers from many branches of government, as well as volunteers from the private sector. I know that it is not easy to battle floods, dig through mud, and confront calamities. I will not tire of recognizing your contributions to our society; I salute the way you have offered yourselves to help in lessening the suffering of our countrymen.
Peace is also within reach in a region that has long been torn apart by conflict. In October of the previous year, the Framework Agreement on the Bangsamoro was signed. In truth, just nine days have passed since the signing of the second annex of the agreement. We are confident that we will not have to wait long before hearing more good news on the development of the peace process.
I am sure everyone is aware that the building of consensus is not an easy task; fortunately, both sides are ready to listen, willing to compromise, and willing to reach a meeting of the minds. We know, too, the consequences of impatience and haste. What is clear to me: Every word we utter must result in an action that would benefit all. Every line that we craft in the agreement we are forging must be set in stone and not merely written on water, only to be forgotten by history. My father raised me to be true to my word, and I can tell our brothers and sisters of the Bangsamoro: Whatever agreements we come to will be fulfilled by the national government.
Trust is vital to the peace process. It does not come automatically, perhaps because of the long history of conflict. Now, the desire of both sides to reach an agreement is palpable, and we are truly proving ourselves trustworthy. To those seeking to sow discord and doubt: Can you really say that you are a Filipino that has compassion for his fellow Filipinos?
I am hopeful that every Filipino will contribute towards our goals for the Bangsamoro. We will prove that they did not make a mistake in choosing the path of peace; we are ready to lend the strength of the entire nation to lift up the provinces of Muslim Mindanao, who are among our poorest. What we aim for is the triumph of all; we will not allow any of our countrymen to be left behind, while others surpass them. Once again, I call on Congress: The Transition Commission that will craft the Bangsamoro Basic Law has already been created. Once their task is completed in keeping with the principles of the peace process, I ask you to pass the Bangsamoro Basic Law before the end of 2014. This way, we will have ample time to prepare for the election of a new Bangsamoro government come 2016.
We have accomplished whatever change we are experiencing today because we refused to be satisfied with the status quo in the government we inherited. Let me ask: How many of you have used what they call the Telepono sa Barangay? I wouldn’t be surprised if no one has. According to the DOTC, more than 5 billion pesos would have been earmarked for a program that would distribute landline phones to far-flung areas. Would this not have been a grave waste of funds, because in such a short time after its implementation, the number of Filipinos with cellphones just grew and grew? Who would take notice of the 6,000 landlines they would have installed, when we have 100 million cellphones in the Philippines?
Here is another example of the kind of thinking we’ve had to eradicate from government. Eight combat utility helicopters were bought for what they claimed to be “the more efficient deployment of our soldiers.” The problem: The guns the helicopters were equipped with were mounted at the door; requiring their removal in order to enable people to pass. If you are a soldier entering the fray at the height of battle, what use is a machine gun that is set aside and unable to fire? Did no one think about this before the contracts were signed? Why was this even approved in the first place?
We have to be more discriminating buyers. We cannot rely on the sales talk of suppliers alone. We have tasked the DOST to assemble a body of experts who can critically assess suppliers’ pitches, especially on big-ticket items. Our operating principles: the right identification of the root of the problem; the careful study and deliberation, grounded on correct methodology, to arrive at the best solution.
This was also the rationale and the driving force behind our response to the issue of informal settlers in Metro Manila. This is why we are already fulfilling our goal to remove from harm’s way those who crammed themselves into high-risk areas of the city. After all, I do not think anyone will disagree with us when we say the current situation cannot be allowed to persist. In the general welfare clause of our Constitution—Article 2, Section 5—it says, “The maintenance of peace and order, the protection of life, liberty, and property, and promotion of the general welfare are essential for the enjoyment by all the people of the blessings of democracy.”
Here we have proven that the Filipino listens to reason. If it is clear that compassion is your bedrock principle, then we will be more eager to work with you. Before roofs were dismantled, before walls were demolished, we explained how we came to our decision: better housing, access to public transport, and, for the diligent, no shortage of opportunities to earn. We made it clear that we wanted to provide a refuge to those who were high-risk and most in need—and not to syndicates. We are aware that whenever the aid given by the state is abused, the lives of other Filipinos are also put in jeopardy.
After a batch of informal settlers was moved to the relocation site, they urged their former neighbors: Join us. It is safer here. This year, our priority is to relocate more than 19,400 families living along Metro Manila’s major waterways. The convergence of DILG, NHA, DSWD, MMDA, and DPWH has resulted in a much clearer solution to one of our most long-standing problems.
Another example of transformation in government: haven’t vital bills languished in Congress? In the previous year, the Sin Tax Reform Law and the Responsible Parenthood Law were finally signed into laws. We thank our partners in Congress and in the Senate who helped us push for the passage of these laws. We persevered through the long process of debate and consultation; we were not cowed by those who tried to sow doubt in the attempt to obstruct our meaningful agenda. We have fought for what benefits the people, and we are advancing true public service for the Filipino.
I would also like to propose to Congress several laws that will help us sustain and improve on the reforms we have established. Let us amend the Cabotage Law in order to foster greater competition and to lower the cost of transportation for our agricultural sector and other industries. Let us likewise enact the Fiscal Incentives Rationalization Bill, so that the incentives we provide to businesses become even clearer and more accountable. We also have to focus on the Land Administration Reform Bill, given the need for convergence among agencies tasked to oversee our land holdings, and thus ensuring that they can fulfill their collective mandate with increased efficiency.
Tomorrow, we are submitting to Congress our proposed 2.268 trillion-peso National Budget for 2014. I am confident of your support and advocacy for the allocation of funds which was arrived at after careful consideration. This budget is not only a continuation of our reforms, but it will also accelerate our momentum towards long-lasting inclusive progress.
There are those who insist on upgrading our Armed Forces. I agree with this, but some of them act as if they want us to invest every centavo of our country into fighter jets, tanks, and other equipment for warfare. They may not know that one fighter jet costs 1.58 billion pesos—equivalent to 6,580 houses for our soldiers and our police force, or nearly 2,000 classrooms for our children. And what can one jet do? To be truly effective, we would need a squadron—and one squadron is composed of twenty-four fighter jets. At 1.58 billion pesos per jet, we would have to devote 37.92 billion pesos of the nation’s coffers just to assemble one squadron. And what about practice missiles? And it is not as if jet fuel, a radar system, ground bases, and ground intercept controls are free. Building a minimum credible defense posture is not something we can take lightly. Do we follow others who prioritize the possession of a nuclear option at the expense of everything else? I do not think anyone would agree. We will balance our needs. We are committed to meeting the needs of our society, while remaining a good and upstanding member of the community of nations.
We are well aware that, in the past, decisions were made based on politics. Leaders did everything they could just to keep a firm hold on their power—at the expense of the suffering of present and future generations of Filipinos. Let us look, for example, at the consequences of refusing to raise passenger fares for the LRT and MRT.
Each trip that one passenger makes on the LRT is estimated to cost 40 pesos. What does each passenger pay? 15 pesos. This means that the government subsidizes the remaining 25 pesos. As for the MRT, the true cost of one trip is 60 pesos: 15 pesos paid by passengers, 45 pesos by the government—in the end, each and every Filipino pays a share of the subsidy. Whether you live in Mindanao or Visayas, and not once have you ever stepped onto the LRT or MRT, you help to fund this.
What’s worse: because past leaders gave away our commercial development rights, each peso that we can earn from the posters and billboards in the stations goes to private companies, instead of going to the government. What we could have used to subsidize the cost of maintenance and operations was given away.
Perhaps it is only reasonable for us to move the fares of the MRT and LRT closer to the fares of air-conditioned buses, so that the government subsidy for the MRT and LRT can be used for other social services.
You are my witnesses: We have no plans to hand down problems to our successors. In truth, projects that were left to decay in the past are now truly benefiting the people. Let us look at the Ternate-Nasugbu Road. This road, connecting Cavite, Batangas, and Metro Manila, is only six kilometers long, but it still took almost 20 years to finish. We already opened one part of this road, and when the sections requiring slope protection are completed, the benefit this road will bring to motorists will be complete.
We also have the Aluling Bridge in Ilocos Sur. The plans for its construction were first laid down on paper in 1978. And we made certain that our successors would not merely inherit sheets of paper. The bridge was finally completed in March. Last month, we also began the operation of the Laguindingan Airport—a project that took one generation to make the leap from idea to implementation.
There is also the semiconductor industry, which waited decades for a laboratory that could compete with facilities of other countries. We did not allow them to wait much longer. In May of this year, under the leadership of DOST, we inaugurated the Advanced Device and Materials Testing Laboratory (ADMATEL). Before, products manufactured here had to be sent to other countries to undergo testing. We were unable to maximize profits in this industry; we were unable to maximize the potential of our semiconductor industry to attract even more investments.
Because of ADMATEL, products will now be manufactured and tested here, and we will be able to take even greater advantage of the skills of Filipino workers in the electronics sector. And we have every expectation that this industry—one that contributed almost 44 percent to our exports in 2012—will grow even stronger.
With the help of our Big Man in the Senate, Senator Franklin Drilon, the more than fifty-year wait of Ilonggos has come to an end; the implementation of the Jalaur River Multi-Purpose Project II in Iloilo has started. How will this help us?
First, an estimated 24,000 farmers across Iloilo will benefit from year-round irrigation. As a result, the harvests of rice farmers may double. Let me make it clear: The 31,840 hectares of land that will be irrigated will yield an additional 146,013 metric tons of rice. This amount is equal to almost 80 percent of the buffer stock of rice that we will import for 2013.
This does not include the other benefits that this project will bring. For instance, preventing widespread flooding in Iloilo, and adding 6.6 megawatts in hydropower to the energy requirements of the province. This project will also contribute to the supply of water for some parts of the province, and to the development of its ecotourism industry. Apart from all these, the Jalaur River Project will create around 17,000 jobs; and once it becomes fully operational, an estimated 32,000 Filipinos will be given decent livelihoods. This project was first conceived in 1960—the same year I was born.
We are aware that many of our countrymen are excited to see the fruits of our Public-Private Partnership (PPP) projects. We likewise know that there are those who have grown impatient waiting for them.
Let us put things into context. Back in 2010, when our administration came into office, we were left with only 6.5 percent of the programmable budget for the year, or just around 100 billion pesos; 93.5 percent of the budget had already been allotted by my predecessor. This is precisely why we approached the private sector. We told them: “We do not have the funds, let us partner with one another to build the necessary infrastructure.”
Apart from this, we faced other difficulties when PPP began. The studies on which the projects were based were outdated; and the bureaucracy lacked the sufficient knowledge to implement them. Not to mention the public, who seemed to have lost confidence in the contracts the government undertook.
Nevertheless, whatever the situation may be, our principle is that anything worth doing is worth doing right. We have no plans of entering into questionable contracts today just to bequeath problems to the next administration. Each project has to go through the correct process to ensure that our taxpayers’ hard-earned money will be spent the right way.
As early as now, we are seeing the effects of the honest, transparent, and clear way we have been going about our PPP projects. Previously, even just the construction of a single airport already made headlines. Let us compare this to what we are seeing today: Apart from the Laguindingan Airport, which is already being utilized, we are upgrading and modernizing the Tacloban Airport, the Bicol International Airport, the New Bohol Airport, the Mactan Airport, and the Puerto Princesa Airport all at the same time. The Daang Hari-NLEX link road is the fastest PPP project that has been awarded in any administration, with no shortcuts in the processes. All these, and all the other infrastructure projects that are being and will be constructed, will give rise to a society teeming with opportunity.
The problems that we have inherited—and are currently solving—make up a long list; for example, the recurring, rotating blackouts in Mindanao. From the very beginning, we have been working on a solution for this—but we are also aware that a problem that has been ignored for an entire decade cannot be solved overnight. Right now, we continue to take steps to address the shortages as well as provide for immediate needs. We have helped electric cooperatives bring in generator sets that will reduce brownouts; and this will continue until the plants that will supply the region with more electricity are completed.
But the critics will never fully disappear. Some are complaining that the price of electricity will increase with the usage of diesel-fueled generator sets. Hydropower is abundant now because of the rainy season, so we hear objections to the generator sets. But come summer, many will once again complain about eight-hour brownouts.
We also want more power plants built in other parts of the Philippines. As our economy grows, so will our consumption of electricity, which means we must likewise increase supply. Do we really want to wait until our plants are at full capacity before more plants are built? Power plants do not sprout like mushrooms—a power plant takes two to three years to construct.
If anyone has a good suggestion, we are ready to listen. But I also hope that the kibitzers put the situation in the proper context. The plant in Redondo, Zambales, is a good example. A TRO was issued against the plant because of the argument that renewable energy is better. Did they happen to mention that renewable energy is also more expensive—from the cost of building the plants to the eventual price of energy? Did they mention that it cannot provide the baseload—the capacity required to make sure brownouts do not occur? If you put up a wind-powered plant, what do you do when there is no wind? If you put up a solar plant, what do you when the sky is cloudy? Let me be clear: I believe in renewable energy and we support its use, but there should also be baseload plants that can ensure a steady supply of electricity for our homes and industries. I wonder if those who are critical of the plants we want put up will be as noisy when they are busy fanning themselves during brownouts. All I am really saying is this: Let us help each other find a solution.
Since we are being frank with each other, let us talk about the renovation of NAIA 3. This is a complex issue, which has already undergone two arbitrations. We would have won both of them, but one of the decisions was reversed due to a technicality. This is why we are now preparing for our case to be heard once more. And there are added complications because of the issue of warranties for the completion of NAIA 3—it is not acceptable for us to find defects after renovations, and then have to spend even more money to fix them. This is why when we were told that the original contractor was willing to give a proper warranty, we agreed to the deal. But we want to be certain; we want to fully and correctly go through the process. So I must ask for your understanding on this issue.
Today, it is clear: A single goal is behind each square meter of cement we pour in building the foundations of a more progressive country; gain for all—and not politics. Whereas before, roads were constructed based on whims, and bridges were built where the Mayor enjoyed the friendship of Madam, now, we follow a nationwide plan. No favorites, no transactionalism, no patronage; each peso is spent to accelerate our goal of broad-based growth.
What we can expect in the years to come: airports and ports to facilitate commerce and tourism; roads to ensure that we all reap the maximum benefit from these big-ticket projects; power plants that will generate enough energy and fuel the development of industry. This is the framework from which other initiatives will branch out, creating even greater opportunities for Juan and Juana dela Cruz—from the farmer who will have access to adequate irrigation and who will be able to sell his harvest more quickly, to the construction workers erecting new buildings; from the continued development of call centers across the country, to the rise of even more businessmen ready to invest in the Philippines. We implemented the right projects for the right price; we completed these projects with the right quality; and we finished, or we will finish, these projects right on time, because the right people worked on them.
Let us talk about traffic: Isn’t it estimated that our economy loses an estimated 2.4 billion pesos every day because of Metro Manila traffic? Among the projects targeted to decongest Manila is the Integrated Transport System. For the buses that force themselves onto already-crowded roads, we will construct terminals in areas with less traffic. Our countrymen can already make use of the terminal in Parañaque, and the ones in Quezon City and Muntinlupa are already lined up. Provincial buses will be permitted only up to these terminals, so they do not add to the congestion.
There is also the two connector roads that will join the North and South Luzon Expressways. To tell you the truth, there were already plans to construct what they called the Metro Manila Highway in the seventies. This would have connected the two expressways, so that traveling from one point to another need not consume the hours it takes to pass through the entire length of EDSA. The problem: Mr. Marcos issued laws that favored one of his cronies. And unfortunately, we are required to follow them: Whoever constructs infrastructure in those areas must be in partnership with the corporation of Mr. Marcos’ friend. Even worse: every time they add even just another short section to the original road, their franchise is extended by thirty years. That is not the end of it: Once the company profited, the development of infrastructure in the area was left unfinished. Remember that these roads were supposed to traverse Pangasinan to Quezon… But when the company operated at a loss, they had the audacity to pass on to the government a multitude of debts. I ask our Congress today: Let us take another look at Presidential Decrees 1113 and 1894.
Despite this, our projects continue. We have an eight-kilometer, four-lane elevated expressway that will connect C3 road to Caloocan, crossing España, up to PUP in Sta. Mesa. There is also a more than fourteen-kilometer six-lane elevated tollway extending from Balintawak to Buendia in Makati. The Common Alignment of these two roads: a five-and-a-half kilometer, six-lane elevated expressway from PUP in Sta. Mesa, crossing Osmeña and Quirino Avenue, to Buendia in Makati. Once this road is opened to the public, what once took two hours from SLEX to NLEX will now take only fifteen minutes. What once was a three-hour drive from Clark to Calamba will be reduced by almost half to an hour and forty minutes. Every day, an estimated 55,000 motorists will benefit from this project. Motorists will save time and gas, pollution will be decreased, and commerce and tourism will flourish. Is this not a win-win situation?
In the space of only three years, we have proven that agencies that were once cesspools of corruption can be transformed into examples of honest and efficient service. Some of the simple, but effective, reforms that Secretary Singson implemented in DPWH: no more letters of intent, which bidders once used in conspiring with each other to inflate costs and gain more profit; simplified bidding processes, so even more contractors can compete for projects; and reasonable costs of doing projects. Government also now pays on time, attracting even more skilled contractors to do their part in raising the quality of public infrastructure. This kind of honest leadership has allowed the DPWH to save 18.4 billion pesos, which has been allotted to other meaningful projects.
As an example of the dividends of good governance, let us look at the Tagumbao Bridge in Gerona, Tarlac. In truth, I was an advocate of its construction back when I was just a Congressman. Back then, some of my constituents had to circle around two towns just to cross a river that overflowed during the rainy season. I even told past administrations: you can have my entire PDAF, just complete the bridge, in installments if possible. But nothing happened and time passed. The gap separating the banks of the river—and thus, the length of the bridge that was required—only widened further.
Right now, we are constructing the Tagumbao Bridge. Now that we are the ones implementing it, this is the story: Approved funds for the project stand at around 334 million pesos; but because of good management and prudent spending, the cost was lowered to 226 million pesos. In the end, we saved a total of over 108 million pesos without sacrificing the quality of the completed bridge. And even better: The funds that we saved can be used in the construction of a dike and river training projects for Phase II.
Let us move on to tourism. According to the Oriental Morning Post, we are the “Best Tourism Destination of 2012.” And it seems the Shanghai Morning Post fell in love with our country when they named us the “Most Romantic Destination of 2012.” Scuba Diving Magazine says that the Philippines is the “Best Diving Destination.” And Palawan is the “Best Island” if you ask Travel + Leisure Magazine. It seems they just stopped short of calling us paradise.
Given such resounding praise, it comes as no surprise that in 2012, we registered 4.3 million tourist arrivals in our country—another new record high. This figure is a 21.4 percent increase from when we assumed office in 2010, when only an estimated 3.1 million tourists visited our country. When it comes to our domestic travelers, our previous target for 2016 was 35.5 million tourists. But we have surpassed this as early as 2011, with 37.5 million domestic tourists. With the momentum that we are now experiencing, we have full confidence that we will achieve our new domestic target of 56.1 million before the end of 2016.
A stronger tourism sector will generate more job opportunities. The DOT estimates that tourism created 3.8 million jobs in 2011. The truth is, it is not just our scenic and most famed destinations that will profit from the arrival of tourists, but also the nearby towns that can be considered tourism support communities; the places from which resorts and hotels source the food that they serve, the souvenirs that they sell, as well as other products and services that provide a source of income for our provinces.
And I am certain that you have also heard the good news that has recently landed in our country. Last March, the International Civil Aviation Organization removed the significant safety concerns they had previously imposed on the Philippines. This was a fruit of our reforms in the aviation industry, to ensure that aviation safety in the Philippines meets international standards. And because of this, just last July 10, the European Union has once again permitted our flag carrier to resume direct flights to Europe.
Think about it: What if our aviation industry had already been improved and strengthened before? Was it not a waste to miss out on tourists whose lack of enthusiasm for visiting the country can be attributed to this? Missed jobs, funds, and opportunities—these are the results of the previous system of governance.
This is why, from the very onset, we have fought against corruption in all levels of government and pushed for the transformation of our institutions. The result: public service that truly benefits our countrymen.
Let us just look at the depth of transformation taking place in our GOCCs. Government-owned corporations whose losses were previously subsidized by the national government are now turning over dividends. Let us take the Philippine Reclamation Authority (PRA) as an example. In the thirteen years prior to our term, from 1996 to 2009, the dividends of the PRA amounted to a sum total of 676.82 million pesos. Along the straight path: in 2012 alone, their dividends—1 billion pesos. Is this not a complete transformation?
The Local Water Utilities Administration is another good example. In 2011, the said GOCC recorded a net loss of 950 million pesos. But because of prudent management, they did more than just balance their books; based on their report, their gross income amounted to 870 million pesos in 2012. Because of this, they were able to remit 365 million pesos to government for that same year.
Yet another example: In my first SONA, we exposed the questionable practices of the MWSS, whose officials were giving themselves excessive bonuses and allowances, even as their company failed to address the needs of our citizens. This agency itself reported: The MWSS registered losses amounting to 34 million pesos in 2010. This was completely unacceptable. That is why in 2011, we signed the GOCC Governance Act, which serves as the standard for integrity, credibility, and accountability in the management of our GOCCs. Its results: In 2011, the MWSS earned 333 million pesos, from the 34-million-peso loss of 2010. In 2012, their earnings totaled almost 2 billion pesos. Consequently, their dividends have also increased: from 150 million in 2011, these increased to 345 million pesos for 2012. It is saddening though, that the depth of the reforms planted by the MWSS leadership is tarnished by the mudslinging of those who want to cling to the old system.
In tandem with the increased confidence in our good governance is the continued resurgence of our economy. The results: two consecutive ten-place jumps in the global competitiveness index of the World Economic Forum. For the first time in history, we attained investment-grade status from two of the three most respected credit ratings agencies in the world, and it is quite possible that the third will soon follow suit. We have maintained the stability of our consumer goods prices, and we continue to reduce the portion of our budget allotted to paying our debts, while increasing the funds allotted to social services. In a period of lethargic global economic activity, we registered an astounding 6.8 percent GDP growth in 2012. We surpassed this in the first quarter of 2013, when we reported growth of 7.8 percent—the highest recorded GDP in East and Southeast Asia. Special mention must be made of the 28.5 percent contributed by the manufacturing sector to the growth of our economy. And we anticipate that manufacturing will gain even more traction in the coming years.
We are now considered a rising tiger by the World Bank; the brightest spark, according to the Institute of Chartered Accountants in England and Wales, among other accolades that allude to the transformation that is sweeping our nation. From the prudent expenditure of funds to the effective collection of taxes; from infrastructure development to the transparent conduct of business that generates jobs, our message to the world could not be clearer: The Philippines is ready to ride the tides of progress.
The transformation of our society is not just evident in the economy or in statistics. Now, Filipinos know: Rich or poor, with or without political connections, when you do wrong, you will pay the consequences. Now, justice is truly blind. We will not undermine the orders of our Bosses to hold the corrupt accountable, and to right the wrongs of a system that has long beggared our country.
In fact, we are already holding the former leadership of TESDA accountable for his part in the outrageous overpricing of purchases by the agency. For example: one incubator jar is priced at 149 pesos. But Mr. Syjuco priced the same jar at 15,375 pesos. The normal price of a dough cutter, 120 pesos. The price according to Mr. Syjuco: 48,507 pesos. Let’s be clear: This is a dough cutter, not a Hamilton Class Cutter. Perhaps when he finally has his day in court to face the cases filed by the Ombudsman, Mr. Syjuco will finally learn to count.
We have also indicted the former PAGCOR officials who embezzled 26.7 million pesos just to produce a movie; burned through funds amounting to 186 million pesos to finance a party-list; and had the gall to use the rice donations allotted to calamity victims for campaign sorties.
Former leaders of the PNP are also being made to answer allegations regarding the 131.6 million pesos wasted on seventy-five defective rubber boats, and the 104.99 million pesos spent on the anomalous purchase of secondhand helicopters from 2009 to 2010.  It would actually be better if they are able to properly answer questions regarding this, so we may discover if there are others who must also be held accountable.
On the topics of Cadavero, PDAF, MRT 3, and others: Just because the critics are not aware of what we are doing, they assume that we are doing nothing about these issues. If government possesses no data and yet announces who it will investigate, does that not send a message to the suspects to just hide the evidence? This is why we go where the truth takes us. The evidence decides our path.
When we denounced the “wang-wang” culture, we did not just dismantle the sirens of those who lord it over the streets; we also uprooted the culture of corruption that seemed firmly entrenched in our public institutions.
But let us be honest: Even today, there are still those in government who seemingly refuse to change. It is disheartening to discover the depth and breadth to which they have branched out in the bureaucracy; the moment we look away, someone is sure to be taken advantage of and victimized. The time has come to name names: we have repeatedly admonished the Bureau of Immigration to improve their watch over our ports and airports. How then was it possible for the brothers Joel and Mario Reyes, the principal suspects in the slaying of Gerry Ortega, to leave the country?  How could the escape of the Korean Park Sungjun—as blatantly seen in CCTV footage—have taken place? He is wanted in (South) Korea, and their government asked for our assistance in securing his arrest. How can we face them now, when our own government employees are the ones who enabled his escape?
The “make-do” culture at the NIA has also tested our patience. Instead of laying out plans for new irrigation systems, they are merely content with the continued rehabilitation of existing irrigation. For them, shoddy repairs are enough to say they have already done a good job. During their anniversary, I asked them why only 60 percent of their target was accomplished in 2012, when they had reached 80 percent in 2011. The next day, I met with their head during the NEDA Board Meeting. His excuse: 40 percent of the target areas were located in Mindanao and were devastated by typhoon Pablo, thus the delay. When were we hit by typhoon Pablo? In the first week of December. Which means that he meant to complete the remaining 40 percent of his tasks in the span of just three weeks. This is the kind of leadership we no longer need in the bureaucracy.
And here we have the Bureau of Customs, whose personnel are trying to outdo each other’s incompetence. Instead of collecting the proper taxes and preventing contraband from entering the country, they are heedlessly permitting the smuggling of goods, and even drugs, arms, and other items of a similar nature into our territory. The Department of Finance estimates that more than 200 billion pesos in revenue slips through our borders without going into public coffers. Where do these people get the gall? One can almost hear these public officials say, “I don’t care if the weapons go to criminal elements; I don’t care how many lives are ruined by drugs; I don’t care if our fields remain barren forever; What matters is that I am rich; it’s every man for himself.” Such practices have no place in government. If you cannot do your job, you do not deserve to remain in office.
If you are a good, conscientious employee of the BI, NIA, Customs, or any other government agency, I hope that you do even more. It is not enough to lie low and hide inside your cubicle; to prevent wrongdoing is part of your duty. You are in the right, so there is no need to hide; please make it easy for me to find people like you; I will raise you up as praiseworthy examples, that we may fully transform the flawed culture of your agencies.
And for those employees who refuse to turn their backs on the culture of wang-wang: my patience has run out. You were given three years to demonstrate your readiness to change; now, I shall pursue all of you and hold you accountable. No hard feelings.
And let us include in these reforms corrupt members of our Civil Service. It was during my mother’s time when I heard someone say, “So what if Malacañang ordered this? You will only be there for six years.” It is time to rectify this way of thinking. I call on our Congress to examine our Civil Service Code and PD1, so that we can revise these at the earliest possible time. I support the development of mechanisms that will restore the integrity of public service; that will ensure that only honest, capable, and principled civil servants will be allowed to enter and remain in government service.
And now, let’s allow our countrymen to share the transformations taking place in their lives:

[Video starts. The following is a translation of the video transcript.]
“My name is Violeta S. Abuque. We didn’t have [the Conditional Cash Transfer Program] before. Life was hard, you didn’t have any money, and you couldn’t approach anyone to ask for help because they didn’t have anything either.
“We were very happy that when DSWD launched their program, it covered even those of us living in the mountains. This program will help me put my children to school. We’ve realized how important it is to invest in your children’s education; they’ll have a different life from our ancestors who couldn’t even write their own names.
“I am very thankful for the [Conditional Cash Transfer] program, and to everyone who has supported this.”
— Violeta S. Abuque, CCT beneficiary
“Before, my children couldn’t even bring food to eat in school—but now they can, and they even have breakfast.
“You really have to fulfill the conditions that come with the program. And, of course, you have to find a way to complement and augment the help they’ve given you. So every week, my child and I make some peanut butter and sell it.
“I am very grateful that I’m part of the [Conditional Cash Transfer] program, because it has been a really big help to my family.”
— Dulce Panaligan, CCT beneficiary
“I went back to selling balut [fertilized duck eggs] while I was looking for a job. And then I heard that TESDA was holding trainings. I read up on these, and I registered. I’m very happy with how the TESDA program has helped me with my job-seeking. I’ve used what I’ve learned, so I can get a better life, so I can learn more things—especially applying what I’ve learned to my job.”
— Emerson Paguia, TESDA scholar, IT Web Developer
“On 6:45 in the morning of April 2, I was on my way to the PCCR review center. A mugger entered the jeep, and on the Nagtahan flyover, declared a robbery. He held me at knifepoint, and when I struggled, he stabbed me on the thigh, but I got the knife from him. Before he got off the jeep, I stuck the knife in his back. I chased after him, and we were both bleeding. This was probably what got the people’s attention, which eventually led to the mugger’s arrest.
“I’m always aware of the oath I took, to serve our citizens. To my fellow police officers: Let us always do what is right, and what is for the good of the country—at the same time, what will reflect well on what we’re doing as PNP.”
— PO3 Edlyn Arbo, Philippine National Police
“I was assigned to Police Station 4 from 2006 to 2012. I was given a spot meritorious promotion by the President, probably because of my apprehension of some of Bacolod City’s most wanted criminals. Last Saturday, I used the new gun the President had given me recently, to apprehend notorious car burglars here in Bacolod City.
“We do our jobs even if it’s difficult, even if we have to put our lives on the line—we do it so we can serve our fellowmen and our country.”
— PO3 Felipe Moncatar, Philippine National Police
“My car broke down along Quezon Avenue, just after the tunnel. A policeman arrived after fifteen minutes, and he really helped me out—he even tried to lift the car with his bare hands. So I was thinking that, eventually, he would ask for a reward. Then the towing vehicle arrived, and they were about to tow my car. But this policeman said: No, help first before you haul.
“Out of gratitude, I tried to hand him 1,000 pesos for his help. But he refused it. He told me: Our job is to help the citizens. There has been positive change among our police force. To PO Sultan, I salute you.”
— Armin Punzalan, businessman
“The Navy’s modernization program is not just about equipment—it’s all about the welfare of our ranks. Everyone can see this—not just me, but all of my colleagues in the Philippine Navy; we are all very happy with the reforms we’ve seen.
“We’re experiencing the returns of the President’s straight and righteous path. We’re happy now, we do not want of anything. I tell my colleagues: The government has been giving us so much, and we just need to do our jobs well in return—to give back to the country, to give back to the people.”
— Lt. Commander Desuasido, Philippine Navy
[Video ends]

Our country has never lacked for people prepared to take a stand and fight for our country regardless of the enormity of the challenges before them. There is the courage of Commodore Ramon Alcaraz during the Second World War. In a small wooden Q-Boat, he took on nine Japanese Zero fighters—then considered among the most modern planes; three of these, he shot down. In fact, he would have continued fighting had he not received an order from his superiors to surrender. This type of bravery is what our soldiers display every day as they patrol our most remote mountains and our farthest islands; soldiers who continuously bear the distance from their families, who proudly stand their ground against anyone who challenges our sovereignty. It is no exaggeration either when I say that the triumphs we have achieved along the straight path might still be distant aspirations had it not been for the members of our Cabinet. When I asked them to join the government, they knew their jobs were not going to be easy. That they accepted the challenges was a blessing. They took an oath to help in transforming the country, and from the beginning, they have made sacrifices every day so that the privilege of serving you does not go to waste.
There are those like Secretary Albert del Rosario. Going by tradition, a Secretary’s first official travel outside the Philippines would be to a country with whom we enjoy strong and peaceful relations. But only a few hours after taking his oath as Foreign Affairs Secretary, Secretary del Rosario only took the time to possibly pack a change of clothes before immediately flying to Libya. He went through more than twenty checkpoints in the middle of crossfire and led the evacuation of more than 20,000 Filipinos who were caught in the conflict in Libya. You might also be surprised to hear the nationalities of the men and women we also ended up evacuating. Truly, the Philippines is different today: From a country that was always just the recipient of help, we have become a country capable of providing help.
All things considered, Secretary Albert could have said “no” to working in government. He is a successful and respected businessman, and, certainly, he would be much more comfortable living a private life. He had also already served as ambassador to America. He could have become disillusioned after being removed from his position, because he opposed the past administration’s declaration of a State of Emergency back in 2006. But we asked him to return to government, and he did. Now, he is contributing even more as Secretary. He is ready to put himself in harm’s way, because he knows that no one else will save Filipinos but fellow Filipinos. For continuing to stand up for our rights, I salute you, Secretary Albert del Rosario.
We also know that excellent public servants do not just transform a society; they inspire. Millions of Filipinos grieved when Jesse Robredo passed. For almost two decades, he served and led Naga with skill, compassion, and humility. These principles of his are the exact reasons we borrowed him from Congresswoman Leni and their three children, and from the Nagueños, so that he could become part of our Cabinet. This is why one of the hardest things I ever had to do as President was to deliver the news to Leni and their daughters, after the tragedy.
Apart from grieving, I could not avoid blaming myself for what happened to Jesse. Maybe if I had not asked him to join my Cabinet, he would still be alive today. Maybe if he had remained in Naga, he would still be with us. Maybe there would still be a Jesse Robredo in public service today.
But I also know that Jesse would not allow the transformation and righting of society to end with him. Jesse and I were only given opportunities to serve the country because of all of you. We cannot have just one face for transformation and change. We should not have to wait another hundred years before the next good citizen is born, before the next good Filipino rises to the occasion.
There are those who always ask: What will happen in 2016? What will happen when you step down? Will that be the end of good, honest governance? Will we have reached the end of the straight and righteous path?
My Bosses, let us remember: where did we begin? If you have doubts now, compare them with the doubts we all carried in 2010. Were we not happy enough then just to see the darkness end? Was it not enough for us to be able to replace those in power?
Now, we are experiencing change. Change that has sprung from the seeds of kindness, solidarity, and good will; change that was brought about by the millions of Filipinos who have, in their own ways, big and small, pitched in and transformed the country.
And just look at where working together as one people has brought us: Did anyone imagine that peace would be within reach for a region that has, for the past 40 years, been torn apart by conflict? Who else could be responsible for this but the Moros who laid down their arms and said: “Come. Let’s talk. I trust you.” Who else but the common Filipino citizen who said: “Brother, we are all Filipinos. Let us put an end to this conflict.”
When the Pantawid Pamilya program was initially proposed, there were some who asked: How could we possibly achieve the program’s desired effects; where are the funds to cover all poor Filipinos? Did anyone imagine that in just three years, we will have expanded the scope of our project to cover 4 million household beneficiaries? And isn’t it they themselves who continue to help this program succeed? Each mother who wakes up early to send her child off to school? Each child that studies hard?
Did anyone imagine that from importing millions of tons of rice, we would be 94 percent rice self-sufficient by the end of 2012? Did anyone imagine that a country known as the “Sick Man of Asia” would, within three years of good governance, reach investment-grade status? Who would have thought that all the social interventions the government is providing right now would be doable without raising taxes, apart from the Sin Tax? And did they not have a part in this—each accountant, each doctor, each lawyer who now pays the right taxes? Didn’t we all have a part in this?
Is there any space left for doubt? Especially now that we are achieving things we never thought we could achieve; especially now that we have made progress—that our shared goals are within reach? My Bosses: Is this really the time for doubt?
For every Filipino who believes in the strength of small acts of kindness: You made this transformation possible. This is your SONA.
For every teacher who wakes at dawn just to teach children in far-flung areas: This is your SONA. For every policeman who serves and asks for nothing in return: This is your SONA.
For every Filipino who, unhappy with the list of candidates in an election, chose to knock on the doors of your neighbors to say: “We can’t be content. Let us find a rightful leader together,” this is your SONA.
For every student who strives to be aware of social issues, and does not just complain on Facebook but actually proposes solutions: This is your SONA.
For Brigadier General Ramon Mateo Dizon, the soon-to-retire head of the PSG, who stood alongside me even in facing coups d’état during my mother’s term: Up until my presidency, you have protected me, and my first and official family. I am able to go to different countries and to far corners of the Philippines with full confidence. Chito, you have done your part in changing our country. You are truly loyal to your flag, to the Constitution, and to the Filipino people. Of course, you could not have accomplished all this without your wife Jo-ann by your side. This SONA is for both of you as well.
And to all who roused their fellow citizens from apathy, those who challenged the cynics in our midst, and those who made the stubborn see reason: This is your SONA.
The road ahead of us is long; and we never said it would be easy—or that we could tread this path free of challenge. But I do not doubt our capacity to overcome any obstacle. We did not achieve our current success by chance. Let us not allow this transformation to be temporary; let us seize this opportunity to make the change permanent.
This is our fourth SONA. When I was a congressman, the people of Tarlac were my strength. When I became a senator and until now, in my Presidency, the people of our country have been there. Philippines, you are my strength. As we continue doing our part—and as we continue placing faith in our fellowmen and in God—I tell you: It will still be you who will make certain that what we have begun here will continue; you will be the ones who will make sure that we will completely eradicate corruption; you will be the ones who will make sure that we will never again stray from the straight and righteous path.
Once, I was told: “Noynoy, just begin the change.” So we did, and we can all see how far we have come. Now, my countrymen, let us continue to stand arm-in-arm. Together, let us foster, accelerate, and expand the transformation of society. I am Noynoy Aquino, and I proudly say to the world: I am a Filipino. How wonderful it is to be a Filipino in these times.
Thank you.
Basahin ayon sa pagkakabigkas
Download the SONA Technical Report"
Benigno S. Aquino III,28-Jul-14,Fifth State of the Nation Address,https://www.officialgazette.gov.ph/2014/07/28/english-benigno-s-aquino-iii-fifth-state-of-the-nation-address-july-28-2014/,"Batasang Pambansa, Quezon City","State of the Nation Address
of
His Excellency Benigno S. Aquino III
President of the Philippines
To the Congress of the Philippines
[This is an English translation of the speech delivered at the Session Hall of the House of Representatives, Batasang Pambansa Complex, Quezon City, on July 28, 2014]
Vice President Jejomar Binay; President Fidel Valdez Ramos; Senate President Franklin M. Drilon and members of the Senate; Speaker Feliciano Belmonte Jr. and members of the House of Representatives; Chief Justice Maria Lourdes Sereno and our Justices of the Supreme Court; distinguished members of the diplomatic corps; members of the Cabinet; officials in local government; members of the military, police, and other uniformed services; my fellow public servants; and, to my Bosses, the Filipino people:
Good afternoon.
This is my fifth SONA; only one remains. We have a saying: Those who do not look back to the past, will never get to where they wish to go. Therefore, today it is only right for us to reflect on what we have gone through.
This was our situation in the past: To dream was an absurdity. We had a senseless bureaucracy; padded contracts had become the norm; and corruption was endemic to the system. We were known as the “Sick Man of Asia.” The economy was weak; industry was sparse. We failed to gain the confidence of investors. The result: very few jobs were created. We found a people deprived of hope. Many of us had already given up, and were forced to take their chances in other countries. With heads bowed, we had come to accept that we would never be able to rely on our government or our society.
The Philippines sank deep into despair because of dirty politics.Our trust in each other disappeared; the confidence of the world in the Philippines ebbed, and worst of all: we lost faith in ourselves.
It was at this juncture that we began our journey on the straight and righteous path.
As the father of our nation, on my shoulders rest not only the problems that we inherited and the problems that arise today—it is also my duty to prepare for the future. At every moment, I must be mindful of the concerns and perspectives of all. Think about it this way: it is as if you are watching two hundred TV channels at the same time. You need to understand not just what is unfolding before you—you also need to know what happened before, and where it could all lead. Confusion is not an option, and you must have a response for every question, suggestion, and criticism—and you must have all the answers even before the questions are asked. This is not an easy job, and I am only human, one who at times is also capable of feeling apprehension.
In spite of this, my resolve is firm because my primary goal is clear: To return government to its rightful mandate—to serve the Filipino people always. [Applause]
Is it not true that we have a saying: Give a man a fish and you feed him for a day. Teach a man to fish and you feed him for a lifetime. An example of this is the Technical Education and Skills Development Authority (TESDA). The Disbursement Acceleration Program contributed 1.6 billion pesos to TESDA’s Training for Work Scholarship Program. This amount enabled the graduation of 223,615 beneficiaries. 66 percent of these—or, 146,731 graduates—now have jobs. As for the remaining 34 percent, TESDA is helping them find employment. Just take a look: All of these scholars have their names and other pertinent data listed down, should you wish to confirm them. [Applause]
If we divide the allocated funding by the number of graduates, we will see that government invested around 7,155 pesos in every scholar. In the BPO sector, a monthly salary of 18,000 is already considered at the low end. Every year, he will earn 234,000 pesos. If he is given the maximum tax deduction, his annual income tax will be: 7,900 pesos. This means that in the first year alone the 7,155 pesos that the government invested in him would have been paid back—and there will even be a profit. This and all the taxes he will be paying the government until he retires will, in turn, provide his countrymen with the same opportunities he was given. This is good governance: [Applause]
The right intentions, practices, and results. Everyone wins.
Let us listen to the stories of two TESDA graduates:

Translated transcript of Testimonial of Marc Joseph Escora, TESDA beneficiary
Even when you’ve realized your dreams, you should know that success, it’s still not stable. You still need to work hard for it.
I am Marc Joseph Escora. I am a high school graduate. Through the help of the Technical Education and Skills Development Authority [TESDA], I have my career in the business process outsourcing (BPO) industry right now.
I was based in the Libertad public market for seven years. I worked as a barker forpublic transportation vehicles. My family couldn’t afford to put all of us through school, so I needed to find a way to support myself, so I could graduate.
The most important thing I’ve learned is to have the confidence to interact with other people. When people see that you have a disability, they usually won’t be able to see past it, to your abilities. So you need to trust yourself.
If TESDA wasn’t there to help me, I probably wouldn’t be where I am now. Our way of living now is much better than how we lived back then.

___________________

Translated transcript of Testimonial of Jonnalyn Navarossa, TESDA beneficiary
TESDA helped me finish my studies, find a job, and support my family.
I am Jonnalyn Navarossa, Technical Trainer at Toyota Motor Philippines. I graduated top of Batch 1 of automotive servicing training class at TESDA Region 8. I chose to study automotive servicing because I’ve always dreamed of being a mechanical engineer. In order for me to both earn a living and save up, I enrolled at TESDA.
We’re used to thinking that being an auto mechanic is a man’s job. But I’ve proven that as long you work hard, as long as you’re determined, we can ensure quality products. TESDA taught me the value of good, clean, and quality work.
Now, I’m more confident in myself. And it’s much easier to dream bigger.

[Applause]
We launched the Expanded Conditional Cash Transfer Program in June of 2014, with a budget of 12.3 billion pesos. Now, the government will also support the beneficiaries until they are 18 years old. Some will ask, “Why?” According to a study conducted by the Philippine Institute for Development Studies, a high school graduate earns 40 percent more than someone who was only able to finish grade school.
We are investing in our most valuable resource: The Filipino people. Data from the National Economic Development Authority attests to our success. According to them, the 27.9 percent poverty rate during the first semester of 2012 went down to 24.9 percent for the same period in 2013. These three percentage points are equivalent to 2.5 million Filipinos who have crossed the poverty line. [Applause]
Of course, it is only right that we focus on the needs of the poorest in our society. But we will not stop there. Now that we have greater resources, we are striving to ensure that all those who crossed the poverty line will never go back below it. [Applause]
When we came into office, we found a society that was like a derelict house in which we had no choice but to live. What was even worse: we had virtually no tools and materials with which to repair the damage. Over the past few years, with the help of every Filipino who cared for the well-being of his fellowmen, we have been acquiring the tools and materials we need. One of these tools is a budget focused solely on the needs of the citizenry—a budget we have passed on-time four years in a row. These tools include the laws that have accelerated the bringing of benefits to our bosses.
This is where—under a fair system—the resurgence of our economy began. We were able to save because of prudent fiscal management. We were able to expand the coverage of essential services without raising taxes, apart from Sin Tax reform, whose goal is to reduce vice in society. [Applause]
We worked to have the ability to fund the projects that we implemented, are implementing, and will be implementing. We strengthened tax collections: from 1.094 trillion pesos in collections in 2010, we increased this to 1.536 trillion pesos in 2013. [Applause]
We improved the management of our debt. The result: a decrease in our debt to GDP ratio; money that once went to paying interest, we were able to channel into social services. We were even able to fulfill the obligations of government that we inherited from past administrations. For example: In 1993, or during the administration of President Ramos, the government was required to recapitalize the Central Bank of the Philippines with 50 billion pesos, so that it could fulfill its mandate. President Ramos was able to fund 10 billion pesos  and nothing was added since then. 40 billion pesos was the obligation left to us, and we have paid this in full. [Applause]
We worked hard to accumulate the funds government has today, which is why we will not tolerate wasting it. If our Bosses choose the right leaders, succeeding administrations will be able to surpass what we have done because our administration has greatly reduced the number of problems remaining, giving them a stronger foundation from which to begin.
Why do we say a stronger foundation? Just this past 2013, for the first time in history, the Philippines was upgraded to investment grade status by Moody’s, Fitch, and Standard and Poor’s—the three major credit ratings agencies in the world. Through their study of our macroeconomic fundamentals and governance, they determined that there was less risk, which led to a vast increase in confidence on the part of investors. Just this May, they upgraded the Philippines yet again. What this means: Because the Philippines is now investment grade, government will be able to borrow funds for programs and projects at lower interest rates, more businesses will be attracted to invest in our country, and Filipinos will be able to feel the benefits of our economic resurgence more quickly. [Applause]
If anyone were to add up all the investmentsthat came in through the Philippine Economic Zone Authority (PEZA) since its inception in 1995, they would see that 42 percent of total investments in PEZA came in during the four years of our administration. The remaining 58 percent took 15 years for past administrations to accumulate.We are confident that, before we step down from office, we will be able to match or even surpass this amount. To Director General Lilia de Lima: thank you for all you have done and for all that you will do to achieve this success.
[Applause]
Our economy and our country are indeed taking off, and we are already realizing even greater aspirations. For instance, we inherited a seemingly grounded aviation industry: significant safety concerns had been issued on the Philippines by the International Civil Aviation Organization, or ICAO; we were downgraded by the United States Federal Aviation Administration; and the European Union implemented restrictions against our local carriers.
In 2013, ICAO lifted the significant safety concerns it had previously issued for the Philippines. This was followed, in the same year, by the European Union lifting the ban on Philippine Airlines, allowing it to fly once again to Europe—which means that Filipinos will be
able to fly directly from Manila to London.
[Applause]
Naturally, Cebu Pacific will soon follow suit, since they have also received the go signal from the EU in 2014. In this year, as well, the United States Federal Aviation Administration upgraded the Philippines back to Category 1. Because of this upgrade, it is likely that there will also be an increase in routes going to the United States. The increase in flights of our local airlines to the United States and participating countries in the EU is a big help to both tourism and business.
Today, we continue to receive news that, because of all the tourists and businessmen who wish to visit the Philippines, there is actually a shortage of flights to our country. So, all of the upgrades we have received in aviation are indeed good news: The number of flights will rise, thus providing a solution to the problem. And, through the continued cooperation of the CAAP and our local carriers, we will certainly be able to attract more businessmen and tourists in the coming years. This is a win for all those in the tourism sector; this is a win for the Filipino people. Good governance is the source of these upgrades, and we thank Director General William Hotchkiss, the CAAP, and our local carriers for their hard work. [Applause]
Indeed, the Philippines is in the limelight on the global stage. Just this May, when we successfully hosted the World Economic Forum on East Asia, we showed the world just what we were capable of. And with the APEC Summit the Philippines will be hosting next year, we will be able to inform even more people of our progress, and the opportunities that this has opened up for all. There is no doubt: the Philippines is indeed more open for business. [Applause]
Apart from fostering an improved busines climate, we are also pursuing better relations between labor and managment.
Consider this: According to the National Conciliation and Mediation Board, since 2010, the number of strikes per year has been limited to less than ten. This is the positive result of the Department of Labor and Employment’s Single entry Approach, or SEnA, through which filed labor cases go through a 30-day conciliation-mediation period. The good news: out of 115 notices of strike and lockout in 2013, only one pushed through. This is the lowest number of strikes in the history of DOLE.
For these achievements, I extend my gratitude to Secretary Rosalinda Baldoz, the DOLE family, and the labor and management sectors.
Secretary Baldoz and I were joking in around 2012 that there were two strikes, and in 2013 there was just one. I said, “Linda, in 2014, a half-strike won’t do. Maybe we can strive for no strikes?” [Laughter and applause]
We are well aware that we need infrastructure in order to sustain the momentum of our economy and to continue creating opportunities in the country. Infrastructure will entice businessmen—it will speed up the transport of goods and services, and will help us ensure that we can go head to head with overseas markets.
This sector has seen massive changes: Our budget for infrastructure has more than doubled from the 200.3 billion pesos of 2011 to 404.3 billion pesos this 2014. [Applause]
I remind everyone: we did this without adding any new taxes, apart from the Sin Tax Reform, which is focused on health, while we maintained our allowable deficit, and with our debt-to-GDP ratio continually declining. This has had a profound effect, because we have not only increased the infrastructure budget, we have also plugged leaks in the system, which has ensured that the citizenry is getting more value for its money.
Under the leadership of Secretary Babes Singson of the Department of Public Works and Highways (DPWH): Neither kickbacks nor overpricing is condoned. The loopholes in the old system were plugged, the agency’s processes were streamlined. A simple example would be the removal of Letters of Intent from the bidding process. In the past, these bred a culture of collusion—knowing who was bidding on the same project only created a space for collusion. Another example: The requisite documents from bidders were trimmed to five, from 20. Processes are faster, and there are now fewer opportunities for the unscrupulous to ask for bribes. This allowed the Department to save  28 billion pesos and allowed them to accelerate the implementation of the next projects. [Applause]
To Secretary Babes and the DPWH: Again, thank you very much. [Applause]
It is truly awe-inspiring: In addition to what the DPWH has saved, the roads that they have laid out, fixed, widened, or constructed have amounted to a total of 12,184 kilometers. [Applause]
When I saw these figures, I thought: How can I visualize 12,000 kilometers?
Think of it this way: This is equivalent to four roads that connect Laoag to Zamboanga City. And this just only accounts for the national roads; that number doesn’t include local farm-to-market roads or tourism roads. [Applause]
Now, regarding the Public-Private Partnership program: From December 2011 to just this June, your government has awarded and signed off on seven PPP projects, with a total value of 62.6 billion pesos. In just our four years on the straight path, we have surpassed the combined six approved solicited PPP projects of the past three administrations. [Applause]
The difference between then and now is massive. As Secretary Cesar Purisima said: In the past, the Philippines could not entice investors; then, the government had to roll out incentives like commercial development rights, subsidies, and other guarantees for profit just to attract bidders. Now, the situation has reversed. Companies are now in close competition, trying to outdo each other; they are ready and willing to pay for the privilege to build the infrastructure we need. For example, with the Mactan-Cebu International Airport Passenger Terminal Building, the government has a premium that amounts to more than 14 billion pesos; with the NAIA Expressway Project Phase 2, the government received a premium of 11 billion pesos. Again: Good economics is borne of good governance. [Applause]
Let us take a look at the TPLEX. Because of this road, the journey from Tarlac to Rosales in Pangasinan has become easier. According to the proponents of the project, the segment of the road that reaches Urdaneta will be completed before the year ends. And by next year, the TPLEX will have extended to the end of Rosario, La Union. [Applause]
Infrastructure projects that long ago had been promised by other administrations, we have been able to turn into concrete reality. The Aluling Bridge, which was conceived in 1978, is finally open to the public. Metro Manila Skyway Stage 3, part of the Metro Manila Expressway project from the 1970s, was launched this January. Those who traverse Osmeña Highway can attest to how speedily its columns are being constructed. The Ternate-Nasugbu Road, the plans for which started to be laid out in 1994, is now 100% complete. [Applause]
The Basilan Circumferential Road, which has been under construction since 2000, will soon be completed. These are but a few of the infrastructure projects that we do not intend to pass on as problems to succeeding administrations; instead, our Bosses have already begun to make use of them.
Again, because of good governance, we now have a greater capacity to find solutions to problems that are on the horizon. For example: water. We all know that as our population grows and as our economy continues on its upward trajectory, the country will need a greater water supply in the coming years. According to some studies, there may be a shortage of water in Metro Manila by 2021. We will not wait for a drought: The solutions that experts have studied assiduously, we have already approved—the Kaliwa Dam Project in Quezon, and the repair of the lines of Angat Dam. These solutions are significantly better than sourcing water from underground aquifers, which are more easily penetrated by saltwater. On top of this, if we were to rely solely on aquifers, then we would only hasten the sinking of land—which would contribute to flooding.
Together with the dams for Metro Manila and its outlying cities, we are providing support to those in the provinces. We have also approved the Water District Development Sector Project, under the Local Water Utilities Administration. [Applause]
You may have already heard of our largest PPP project—the Laguna Lakeshore Expressway Dike. [Applause]
—for which bidding will open before the end of 2014. This is a project that will yield numerous benefits. First: flooding in nearby areas will lessen. Today, when water levels of the Laguna Lake reach 12.5 meters, surrounding communities will be flooded. The solution: a dike with a height of more than 15 meters.  Second: the water of Laguna Lake will be cleaner. Third: Less traffic. An expressway will be built on top of the dike, which will extend from Los Baños to Taguig. When the C-6 road that will connect to San Jose Del Monte is completed, we will have another route that will allow us to travel through Metro Manila without passing through EDSA. [Applause]
With the cooperation of the private sector, the only obligations we have in this project are for the right-of-way; and a portion of the reclaimed land will serve as payment for the highest bidder. Because of this,we will get what we need, while spending less in the process
These are only a few examples of the projects that are in the pipeline, and that will soon bring benefits to our Bosses. Might I add—there are many more: the NEDA Board has likewise approved the Laoag City Bypass Link Road Project; the Cebu Bus Rapid Transit Project; and the LRT Line 1 South Extension and Line 2 East Extension. For those of our countrymen from Palawan: Apart from the projects for the Puerto Princesa Airport, there is also the Busuanga Airport to look forward to. We have likewise given the go signal for the construction of phase one of the modern Clark Green City in Capas, Tarlac, that will certainly serve as a center for commerce and industry, not only of Central Luzon, but also of the entire country. At the end of the day, our vision for Clark Green City is that it becomes even bigger than the Bonifacio Global City. Formerly isolated places will now become areas teeming with opportunity.
Through good governance, we have been regaining the trust of the market, of the world, and of our own people, in government. This is creating a virtuous cycle: Seeing the results of our reform agenda has spurred the active participation of each and every one of our Bosses. Indeed: today the government is not alone in pushing for widespread and meaningful reform. It is true that you are our strength. [Applause]
This is why, Boss: We thank you for your trust and your solidarity, both of which have become even more significant in the times when we were faced with tragedies that came to us, one after the other.
In September of 2013, lawless elements attacked Zamboanga; our countrymen who had been living peaceful lives there were used as human shields, their homes were burned down. This crisis tested the caliber of our uniformed services. Urban combat is considered the most complex kind of combat; in spite of this, our troops were able to save 195 of the 197 Filipinos caught in the conflict. We salute our countrymen in the uniformed services: Your sacrifice paved way for the victory of the Filipino people. [Applause]
Following the incident, we gave Secretary Singson the responsibility of overseeing the rehabilitation of damaged infrastructure in Zamboanga. The first priority: to provide shelter to our countrymen who lost their homes to fire. This is exactly what we are doing under the Zamboanga City Roadmap to Recovery and Reconstruction. By this coming August, affected families can begin to move into permanent housing units in Martha Drive Subdivision. We also aim to complete the construction of 7,176 housing units in other areas by June of next year. I must ask for your understanding. There were many problems surrounding the land for resettlement—problems we had to address. On top of this: We also had to make sure that the houses that would be built would be in accordance to the beliefs and culture of the beneficiaries; these will not be ordinary houses. On the other hand, to the 1,661 families that wish to build back or repair their own homes, 30,000 pesos worth of Home Materials Assistance is now being distributed.
We have set aside 3.5 billion pesos for the rehabilitation of infrastructure, the purchasing of lots, the construction of permanent houses, and other types of assistance for Zamboanga. 2.57 billion pesos from this fund has already been released to the NHA and DPWH.
A few weeks after the crisis in Zamboanga, Central Visayas was rocked by an earthquake, which left Bohol the most devastated. In the midst of a calamity, we witnessed just what could be achieved when our people come together to respond to the challenges brought by a disaster. For instance, just one week after the earthquake, electricity was restored in Tagbilaran and in all the municipalities of Bohol. [Applause]
Now, each of the 25 critical roads and bridges destroyed by the earthquake are passable. 3.583 billion pesos has already been released for the rehabilitation of Bohol and Cebu. [Applause]
Part of this is the 2.49 billion pesos that the DILG provided to the local government for the reconstruction of markets, civic centers, bridges, water systems, municipal halls, and other government facilities.
Before the end of 2013, Yolanda made landfall. It was the strongest typhoon in history, affecting 1.47million families and 44 out of our 81 provinces. In Eastern Visayas, where the damage was most severe, so many issues required immediate attention.
The immense strength of the storm paralyzed many LGUs that were hit directly. The relief goods we prepositioned were swept away, which is why relief had to come from areas farther away. The delivery of aid was made all the more difficult by the destruction of infrastructure. There was no electricity, roads were impassable, and almost all of the trucks and heavy equipment that our first responders needed had been destroyed in the areas most affected by Yolanda.There was no gasoline, and there was no communication.
It required an enormous amount of solidarity to assist affected families, take care of the wounded and of those who lost loved ones, and make certain that there would be no outbreak of disease, among many other responsibilities. Let us look at the delivery of food as an example: It was not just a matter of buying rice and canned goods. We needed repacking centers, several trucks, and boats that would bring aid to affected provinces. When the relief goods arrived, we had to be sure that the roads to the affected areas were cleared, and that the trucks had enough gas to return home, and load even more of our food packs.
Your government wasted no time in responding. We immediately cleared the airport, which is why, within 24 hours after the storm, three C130s were able to bring in aid. On that same day, we were also able to set up a communications hub to hasten the flow of information. On the second day, the Department of Health’s Rapid Health Assessment teams arrived, as well as additional soldiers, policemen, and BFP personnel from other provinces. Likewise, workers from DSWD lead relief operations—in the distribution centers in Eastern Visayas or in repacking centers all around the country.
In a span of two days, the Leyte water district resumed operations; on the third day, the first gas station opened. The main roads were immediately cleared. By the 22nd of November, which was two weeks after the storm, the one millionth food pack was distributed to the victims; we had cleared 35,162 cubic meters of debris from these roads through which the relief will be transported; and 3,426 kilometers of National Roads had already been cleared and were passable. At present, we are repairing the 108.8 kilometers of destroyed roads, bridges, approaches, and landslide prone areas. By Christmas Day of 2013, all municipalities affected by the calamity had been electrified. [Applause]
We took an emergency room mindset; the state utilized its full strength to stabilize the patient in the soonest possible time. I extend my gratitude to the members of the Cabinet, who led the government response in the affected communities. Secretary Cesar Purisima, along with Secretary Joel Villanueva of the Technical Education and Skills Development Authority, organized the logistics in the repacking center, taking on the role of warehouse operator. [Applause]
Secretary Greg Domingo of the Department of Trade and Industry became the country’s head purchasing agent, while Secretary Linda Baldoz of the Department of Labor and Employment served as a call center operator for all those who wished to help. [Applause]
I also thank Secretary Jun Abaya of the Department of Transportation and Communications, who dispatched our transportation; Secretary Dinky Soliman, who proved that she was worthy of being the country’s chief relief worker; and Secretaries Mar Roxas of the Department of Interior and Local Government and Secretary Volts Gazmin of the Department of National Defense, who were on the disaster frontline, giving marching orders to our uniformed services. [Applause]
To the members of our Cabinet, thank you.
To our friends and neighbors around the world: Your outpouring of solidarity will never be forgotten by a grateful Filipino people. Again, on their behalf, we thank you. [Applause]
Perhaps, given the Filipino people’s readiness to render assistance to the best of our abilities—a characteristic embodied by our OFWs, peacekeepers, and all our other countrymen abroad—when the world saw that we were in need, they saw fit to come to our aid. Today, we express once more our gratitude to all of you, and to all the Filipinos who have offered their prayers and their support, whether here, or in other parts of the world. [Applause]
Our work did not end there. We implemented livelihood interventions, to ensure that those of our countrymen who survived the typhoon could recover at the soonest possible time. This July, 221,897 jobs were created after we turned over boats, fishing and farming equipment, seeds, and livestock to our countrymen. This includes those Filipinos to whom we paid salaries for participating in the cash for work program.
Perhaps everyone can agree that Yolanda left in its wake a massive problem. According to international standards, whenever a calamity of this scale takes place, it normally takes a country one year before it transitions from relief to rehabilitation. However, in just a span of eight months, the United Nations declared the Philippines to be in the rehabilitation state. In fact, Mr. Yuri Afanasiev of the United Nations Development Program said, “We have never seen a recovery happen so quickly. And many of us have been in many different disasters.” [Applause]
It will indeed take a long time for any country to recover and rise from massive calamities. In Haiti, two years after the earthquake, there are still many who live in evacuation centers. For our brothers and sisters in Indonesia, it took eight years before they recovered from the tsunami in Aceh. And even in America, it is said that it took eight years for things to return to normal after the devastation of Hurricane Katrina.
Our work is not done. There are still many houses that need to be constructed; many more of our countrymen need to be assisted in getting back on their own two feet; the work to build back better for all those affected by Yolanda continues.
This is why this July, the LGU Rehabilitation and Recovery Plan for Cebu, Iloilo, Eastern Samar, Leyte, and Tacloban City was submitted to me, and I have signed it. [Applause]
It passed the scrutiny of our cabinet clusters; according to the holistic post-disaster needs assessment that was conducted, the plan encapsulates the needs of our countrymen. This plan was formulated as a result of the dedication of Secretary Ping Lacson, whom we tasked with focusing on the challenges left by Yolanda. [Applause]
I am hoping for the cooperation of Congress, because a large sum is necessary in order to help our countrymen make a full recovery.
Let us remember: God proposes, but man disposes. This is likewise the idea behind our efforts for disaster preparedness. We are strengthening the capabilities of our LGUs, who are the frontliners in times of disasters, through a modern and comprehensive forecasting system.
Through the DREAM-LiDAR project under Project NOAH, for instance, we can more efficiently pinpoint areas that are prone to flooding. 19 out of our targeted 20 river systems have already been mapped, to determine which areas immediately suffer from the effects of torrential rain.
Because we can more efficiently determine when and where typhoons will affect us, today, we are able to give our LGUs sufficient warning—and thus give them ample time to prepare, and to evacuate their constituents. If we were to add the efficiency of LGUs to our already-efficient forecasting system, then, without a doubt, countless lives can be saved. In Albay, which recently had to endure the wrath of Typhoon Glenda, there were no recorded casualties attributed to the storm, thanks to the effective leadership of Governor Joey Salceda. [Applause]
And if a province that is considered a highway for storms can achieve this, is there any doubt that any and all other LGUs can achieve the same?
Let us now talk about security. We are aware of the challenges our country faces, and we also know the high cost of the equipment we need. Today, I am glad to report to you the ongoing modernization of the AFP. We have acquired brand new assets, including 8 Sokol Combat Utility Helicopters, 3 AgustaWestland-109 helicopters, and the first landing craft utility ship built right here in the country: the BRP Tagbanua. 4 refurbished UH-1 helicopters and 2 navy cutters have also arrived.This past May, we also inaugurated the Naval Forces West’s state-of-the-art Command Center in Palawan.
Next year, 2 out of the 12 FA-50 lead-in fighter jets we procured will arrive in the country. [Applause]
We expect the rest to be delivered in 2017. We are also targeting the acquisition of an additional 8 Bell combat utility helicopters, 2 anti-submarine helicopters, 10 more AgustaWestland-109 helicopters, 2 light-lift aircraft, 3 medium-lift aircrafts, radar systems, all of which are brand new. These, along with other new equipment, will boost the capacity of our Armed Forces.[Applause]
Meanwhile, we are expecting the delivery of 17 additional refurbished UH-1 helicopters by September of this year.
The M4 assault rifles we bought for our soldiers have likewise arrived. In the next few months, the total number of rifles that will be in the hands of our soldiers: 50,629 units. On top of this, through a correct and transparent procurement process and the honest management of funds, we were able to save more than 1.2 billion pesos. [Applause]
which we will use to purchase even more rifles.
I must emphasize: all these rifles are brand new and of good quality from a veteran manufacturer. Was it not true that, before, our funds were depleted in the purchase of Kevlar Helmets that were not even according to specification? Instead of buying them from the U.S., these helmets were purchased from another country. There has already been a conviction over this matter. The investigation of a judge who was allegedly involved, which was ordered by the Supreme Court, has been concluded as well, and we are awaiting their verdict.
We are continuing our pursuit of enemies of the state and lawless elements for the crimes they have committed. For example: We apprehended the Chairman and Secretary General of the NPA this March. Normality and order are now returning to the 31 provinces previously troubled by the NPA.
The image of our police has changed. Proof of this are the 30 policemen, led by Inspector Charity Galvez, who repelled an estimated 250 NPA members who stormed their precinct in 2011. [Applause]
Just last March, four rookie policewomen bravely exchanged fire with the Martilyo Gang in the Mall of Asia. It is indeed fortunate that we have already reached a 1:1 police-to-pistol ratio, which is why these rookie policewomen were issued brand new guns. Before, the needs of our police force went ignored; today, the state is taking care of them, and indeed, they are matching this support with efficient and upright service. [Applause]
Let us listen to our brave policewomen:

Testimonials of Juliet Macababbad, Marcelina Bantiyag, Maricel Rueco, and Delia Langpawen—policewomen who arrested members of the Martilyo Gang
PO1 Juliet Macababbad: We heard glass breaking, and my partner and I immediately went on alert.
PO1 Marcelina Bantiyag: The first thing that came to my mind was to draw my gun, because I knew that they would be ready to shoot at us—we were in uniform.
PO1 Maricel Rueco: My partner, PO1 Bantiyag said, “I’ll cover you. Call our Police Community Precinct.”
PO1 Marcelina Bantiyag: We caught one of the gang members.
PO1 Delia Langpawen: It was only our fourth day on the job, at that post. And then that happened.
PO1 Juliet Macababbad: Every police officer needs a gun. Thankfully, they issued us a Glock 17 Generation 4.
PO1 Marcelina Bantiyag: Guns are essential to us. If something bad happens when you’re on patrol, you’re confident that you can engage.
PO1 Juliet Macababbad:  It feels good when you know you’re able to help your fellow citizens. Whatever a man can do, a woman can do just as well.
PO1 Delia Langpawen: Even if we were nervous, because it was our first encounter, we were thinking of the safety of all the people that were there.

 [Applause]
This past June, we had a succession of high-profile killings. We have already arrested some of thoseinvolved in the murders of Mayor Ernesto Balolong and businessman Richard King, and are currently following a strong lead in the murder case of race car driver Ferdinand Pastor. Rest assured: we are seeking justice for all, and not just for a few. This is why, on top of the arrests we have already made, we continue to gather evidence against other suspects. We will hold to account all those who have committed wrongdoing. [Applause]
We are further strengthening ways to ensure the security of our citizens. Beginning June 16 of this year, we implemented Operation Lambat in the National Capital Region. After tripling the number of checkpoints and conducting various operations, we were able to confiscate 862 vehicles and 29 firearms. We have served 587 warrants of arrest, which have resulted in the arrest of 410 suspects. We also reinstated Oplan Katok, to ensure that the licensing of guns is limited to responsible owners. Our policemen knocked on 28,714 doors for this operation.
Before we implemented Operation Lambat, from January to the second week of June, the rate of murder and homicide cases in Metro Manila reached up to 31 cases a week. During the five weeks of Operation Lambat, murder and homicide cases decreased to only 22 cases per week. This is a 29 percent decrease, equivalent to nine murders prevented per week. And this is only in Metro Manila. If we are able to pass pension reform, which would enable us to gather even more funds to continue our planned purchases of equipment, then Secretary Mar Roxas will certainly be able to expand Operation Lambat, and thus make the whole country more secure. [Applause]
These equipment purchases were supposed to be funded by DAP, but since they were not obligated before the Supreme Court made its decision, we now have to look for other sources of funds.
Indeed, trust is the foundation of good governance: the trust that all those who were affected—or who will be affected—by typhoons will be cared for; the trust that, after each day of work, you will be able to return home safely to your families; the trust that your leaders will not take advantage of you; the trust that government will always be by your side, especially when you find yourselves at a disadvantage. The trust that those who abuse their power will be held accountable, and the trust that the institutions and processes that were once abused and used to steal from the nation’s coffers will be reformed. The trust that, if you do what is right, you, in turn, will receive what you deserve. The restoration of your trust in government: this is the meaning of reform. [Applause]
Let me give you an example: Customs, which had been sorely testing our patience these past years. It became clear to us that the solution to the problem this agency represented was a reset button. Thus, we created a new agency to look into the processes at Customs, with an eye towards making them more efficient. We appointed a new commissioner, five new deputy commissioners, as well as 40 trustworthy individuals to implement our reforms. We ensured that employees were recalled to their original positions—we put a stop to guards who acted like cashiers, or warehousemen who acted as examiners.
Many have made sacrifices just so we can fix Customs. Among them are officials from other departments and government agencies, who we asked to transfer to Customs because we were certain of their integrity. Who would have said yes to taking on these seemingly insurmountable challenges, and without the guarantee of success? Some passed on promotions. Some expressed fears of being targeted by syndicates, in retaliation for the reforms. But, ultimately, they heeded our call to serve. It is only right that I take this opportunity to personally thank these officials, under the leadership of Commissioner Sunny Sevilla. [Applause]
We are proving that, with righteousness and with solidarity, we can clean up an institution that has, for the longest time, been besmirched by corruption. Recent good news is testament to this—from January to April of 2014, Customs’ cash collections increased by 22 percent, compared to the same period last year. Their collections total in the first four months of the year: 117 billion pesos.
[Applause]
All I can say to those who continue with their selfish, illegal practices: I already know that you are impervious to both fear and shame. I will leave you to your conscience—if you feel any remorse for your fellowmen who have become addicted to the illegal drugs you have helped to smuggle in, or for the farmers who are being deprived of fair profit from doing honest work. As far as I am concerned: After we have gathered enough evidence against you, the Bilibid Prison is your next destination. [Applause]
If we are talking about reforms that have already begun to give rise to sweeping progress, we have to touch on recent developments in agrarian reform.
We know—and the law is very clear about this—that we must first determine which tracts of land can be distributed and which cannot. The trouble is, we were provided with data too insufficient to be of any help in this regard. The Cadastral Survey—which was supposed to accurately delineate the territory, and, thus, the land holdings, of every town, city, and province of the Philippines—was launched way back in 1913.
Another problem is that the previous administration had distributed land that was easy enough to distribute—like government-owned land, or land already settled between the farmers and the deed-holders. We were left with land that came with too many complications—that only spawned endless debates and legal disputes.
The complicated situation in ARMM proved to be another challenge. The land in ARMM is estimated to be at 1.5 million hectares, but the recorded number of hectares we found when we came into office was at 2.9 million, thanks to overlapping claims.  ARMM Governor Mujiv Hataman must be wondering—as he has sometimes asked me: How does land multiply like that?
I have no intention of passing on these problems to my successor, which will cause even greater complications and a standstill in agrarian reform.
In 2015, after 102 years, the Cadastral Survey will finally be completed. [Applause]
This year, we will once again submit to Congress a bill extending the filing of Notices of Coverage, which could not be completed precisely because of these problems that we first needed to solve. [Applause]
We are hopeful that, the moment we file that bill, Congress will pass it in the soonest possible time.
If we are to speak of trust, then we cannot forget about the Bangsamoro. After a lengthy period of conflict and derailed negotiations, we were able to put trust back to the table. Proof of this: This past March, the Comprehensive Agreement on the Bangsamoro was signed. [Applause]
But this is only the beginning of the path toward widespread progress in Mindanao. Nobody can deny that the ARMM has been left behind in terms of development. We want to give equal opportunities to all Filipinos; this is why there is a need for a boost-up, so that our countrymen in the margins can catch up. For example, in the budget we are submitting for 2015, 5.17 billion pesos of the overall budget for DPWH has been allocated for infrastructure in ARMM. [Applause]
We are currently forging the proposal for the Bangsamoro Basic Law. We ask for the Congress’ understanding regarding this. It is important to scrutinize each provision we lay down. To the best of our ability, we aim to advance a bill that is fair, just, and acceptable to all. [Applause]
If we are able to legislate the Bangsamoro Basic Law before the end of the year and conduct the necessary plebiscite, we will be able to give the Bangsamoro Transition Authority one and a half years to show positive change. Should this be delayed, however, the period for proving that it was right to choose the path of peace will naturally be shortened.
We have achieved a lot through trust—and we have no intention of breaking this trust. Your current government keeps its word. I will no longer list each of the promises we have fulfilled by treading the straight path; if I do that, we might be accused of bragging. But of course, it would not be right for us to avoid mentioning anything, because our critics are always waiting for an opportunity to say that we have done nothing. Join me, then, in recounting some of the examples of these promises we have fulfilled: Jobs and opportunities that continue to be created for so many Filipinos. In truth, from April 2013 to April 2014, around 1.65 million jobs were created. [Applause]
The inherited backlog in books, chairs, and classrooms: erased; while we are working to fulfill the new needs brought about by the implementation of K to 12. The 1:1 police-to-pistol ratio has already reached. The modernization of the Armed Forces, currently ongoing. A just and lasting peace in Mindanao, already advancing. Growth of the economy, progressing continuously. [Applause]
Truly, our ambitions are now being fulfilled one by one: universal healthcare, classrooms, jobs, harbors, roads, airports, security, peace. In addition to the national integrity we have restored is the world’s recognition of a new Philippines. The nation’s coffers, which come from the sweat of our citizens, are being spent only for their benefit.
     Let us again listen to one of our Bosses:

Testimonial of Gina Lastrado, relocated member of an informal-settler family
I am Gina Lastrado, 47 years old. I used to live at Isla 1 Barangay 180, in Maricaban, Pasay City. I was a businesswoman back in Pasay. Currently, I still make a living selling goods; it’s a job that demands hard work.
We were relocated here because the place we used to live was tagged a “danger zone”—most of the houses were right beside a river.
When typhoon Ondoy [international name, Ketsana] hit, it was terrible. You wouldn’t have believed that we would survive.  
If you compare our lives back in Pasay to our lives now—here, it rains, it storms, but you can sleep through a night. There’s no lying awake, worrying about the coming flood—not like where we used to live. Which is why I told my friends, those who stayed behind, to relocate, too. Here: There’s no fear, there’s no flood.
When we got here, they gave us groceries, they gave us the key to the house, then they brought us to our house. And the eighteen thousand pesos they gave us, that helped us start a new life. This gave us back our dignity, all of us who were living in the squatters’ area back in Pasay. Our lives are much better here. You can say that this is really our home now.

Now: the problems we inherited, we have solved. The problems that are here today, we are solving. And the problems that are still on the horizon, we are preparing for. I believe; with your continued trust, we can solve all of these.
Let us turn to the energy situation. We are doing everything in our power to ensure that the growing energy demand in our country is met. In spite of this, there have been some unforeseen events, that may lead to problems in the next year. For instance, we need to make up for the shortages caused by the scheduled maintenance outages of old plants, the sudden halting of plant operations due to breakdowns, and delays in the progress of new plants.
Let us not forget that the coming El Niño season also threatens to affect the capacities of our hydro power plants, and to raise energy demand even further. If our use of electric fans and air conditioners in our own homes will increase due to the warm temperature, then imagine the spike in the usage of businesses and whole industries. And it is not as if we can just go to the store and ask to buy a 600 megawatt generator, to be installed the following day.
We want to be completely ready so that we can avoid paralysis if the worst-case scenario arises. The goal: to have planned solutions for problems that will not arise until next year. This is precisely why I have tasked Secretary Icot Petilla of the DOE to coordinate with the Joint Congressional Power Commission, the Energy Regulatory Commission, members of industry, and, most importantly, the consumers, in order to increase our capacity to respond to this problem.
I am also aware that many of our Bosses are affected by the staggering increase in rice prices. It seems that the reports are true: that some greedy rice hoarders are stockpiling their supplies in order to sell them when prices eventually rise, making an unjust profit in the process.
We will not let this pass. Perhaps they think they are being clever, but the government’s plan of action will prove the opposite. Our immediate solution: import more rice, supply it to the markets, reduce the prices and keep them at a reasonable level, and ultimately drive those who took advantage of the Filipino people into financial ruin. [Applause]
Last November, we imported 500,000 metric tons of rice to supplement decreased supply due to the typhoons that battered our country, and all of this had arrived by March of this year. This February, the NFA Council approved the importation of an additional 800,000 metric tons, in fulfillment of our buffer stocking requirement, and as of this July, 360,750 of this amount had arrived. This July as well, we approved the immediate importation of 500,000 metric tons of rice through open bidding. The NFA also has the standby authority to import an additional 500,000 metric tons to prepare for the effects of calamities on harvests and rice prices.
When the additional rice we have imported arrives in the country, hoarders will be forced to sell the rice that they have stockpiled in their warehouses. To these hoarders: If a showdown is what you want, by all means, take on the government. Just remember: it only takes six months before the stock you have hoarded in your warehouses begins to rot. When we flood the market with this imported rice, you will surely go bust. You are acting against the Filipino people, while we are acting for the interest of each Filipino. Let us see who will prevail. [Applause]
Apart from investigating those who have allegedly hoarded NFA rice, we are also probing all those in concerned agencies who may have conspired with these hoarders. Employees suspected of wrongdoing are already under scrutiny, so that we may file charges, and eventually, imprison those who must be held to account.
While we are in pursuit of those abusive few, we have also continued to implement projects to uplift Filipinos in the sector of agriculture. We are ensuring that rice farming remains a viable and attractive livelihood. After all, we know that our farmers are advancing in age, which is why it will help our pursuit of food security to encourage the youth to enter this kind of work.
We are providing our farmers with modern equipment to ensure the efficiency of planting and harvest. From 2011 to May 2014, we have already turned over 4,628 units of production machinery, 11,362 units of post-production machinery, and 105 rice mills to a number of farmers’ associations. This has allowed us to lessen waste in what our farmers are able to harvest. On top of this: we are also enhancing irrigation systems, constructing farm-to-market roads, and implementing training programs to ensure that they make the maximum profit.
Now, let us turn to the budget. The Executive Branch proposes projects, which are approved by Congress. However, we have had to suspend a number of projects to make certain that we remain in accordance with the Supreme Court’s decision on the Disbursement Acceleration Program, or DAP. I know that those of you in this hall are one with me in believing that we must not deprive our countrymen of benefits, and that these should reach them in the soonest possible time.
This is why: We are proposing the passage of a supplemental budget for 2014, so that the implementation of our programs and projects need not be compromised. [Applause]
Together with this, we are calling on the cooperation of Congress for the passage of a Joint Resolution that will bring clarity to the definitions and ideas still being debated upon, and to the other issues that only you in the legislature—as the authors of our laws—can shed light on. [Applause]
On the first working day after the SONA, we will submit to Congress the proposed 2.606 trillion peso National Budget of 2015. As always, this budget was created together with our countrymen, using strategies that will ensure that funds are only allocated to projects and programs that will truly benefit the public. We are counting on the cooperation of our lawmakers to strengthen our Budget, as the primary instrument in creating opportunities for the Filipino people.
Let us now listen to one of the beneficiaries of our Alternative Learning System, A program of the Department of Education.

Testimonial of Maria Cecilla Fruelda—Aeta tribal leader, Alternative Learning System learner, and college student
I am Maria Cecilla Fruelda. I heard from my friends who also came from Zambales, and who are now living here in Rosario, that there are good jobs to be found in Puting Kahoy. That’s why we moved here.
Our first priority as tribespeople has always been to look for food, rather than to invest time in our education. But education is very important to me. Passing the Alternative Learning System (ALS) was the first step in realizing my dream of becoming a teacher.
I think that young Aetas in my community would have much better lives if only they could study.
If I hadn’t gotten into ALS, I wouldn’t have learned about our rights as indigenous peoples. We wouldn’t be able to fight for our ancestral land. Right now, thank God, the National Commission on Indigenous Peoples is processing land titles to be awarded to us.
Once I graduate with a degree in Education, I want to teach in our community. I want to share with the Aeta community everything I’ve learned and more.
The ALS has been such a great help. My being a student of Teodoro M. Luansing College of Rosario has helped bring more attention to our community. A lot of people have offered to help. I see our community’s children following in my footsteps. A lot of them are in school now.

Fellow citizens, It is her story—and the stories of many other beneficiaries like her—that is drowned out by the din of the orchestra of negativism in the news. These noisy individuals willfully close off their minds and choose to live in their own world and reality. As the transformation of society becomes even more apparent, these people are acting just how we expect them to: their attacks on us are becoming more frequent, more venomous, and more intense. As the benefits of reform become clearer, it becomes more and more difficult for them to succeed in fooling the people, which is why they are sowing doubt and uncertainty. They have become desperate.
Why are they so angry? Let us examine their motivations. For those who turned public service into a business: if we are able to fix our systems, they lose the opportunity to subvert these systems for their own gain. It is only natural that they oppose us. On the other hand, for those who have no other goal than to overthrow government: They can only recruit members when agreat number of people are suffering and losing faith in the system. This is why, with a reformed system that has ended the people’s suffering, the number of potential recruits has dwindled, which explains why their group is getting smaller and smaller. It is only natural that they oppose us. The noisiest and loudest of those who oppose us are not in favor of the transformation of our country, precisely because they manipulated and benefited from the old and broken systems.
It was as if we were citizens who had been long trapped in an island with only one store. Since there were no other choices, the store owners abused their advantage, raising prices whenever they wanted. The task you gave me was to steer our ship of state to another island, where there were more stores, more choices, better lives, and more opportunities. Of course, those running the solitary store in the island did not want us to set sail, because they will run out of people to abuse. They would do everything in their power to prevent us from reaching other shores. They would say that it is no different there, and that nothing would change. They would detain us at the port, punch holes in our ship, and conspire to steer us astray.
The truth is that I am not the one these people oppose, but the entire Filipino people who are now reaping the benefits of the straight path. They oppose the farmers in Iloilo, who have hoped for efficient irrigation systems for more than fifty years, and today are witnessing the construction of the Jalaur Multi-purpose River Project. [Applause]
They oppose the countless students who no longer have to study in overcrowded classrooms. They oppose the Filipinos who have found jobs because of training received from TESDA; the Filipinos who have been safely evacuated before typhoons strike because PAGASA is now more efficient; they oppose the informal settlers who have been removed from danger because of housing resettlement programs; they oppose the poor who can receive treatment from public hospitals free of charge; they oppose the soldiers who, because their equipment has been modernized, can now protect our nation with greater confidence; they oppose the Moros and indigenous peoples who, today, see a just and lasting peace on the horizon. My Bosses, they are against you. [Applause]
In fact, their attacks began even before we came into office. We have grown used to being greeted by negative commentators for breakfast, personal attacks for lunch, insults for dinner, and intrigue for a midnight snack. [Laughter]
And even now that I am President, those opposed to change have not changed their ways. To be frank, I do not think that they will stop even when I have stepped down from public office.
I recall an old woman who I spoke to during the campaign. She told me: “Noy, you must take care of yourself. You will be up against many people.” Her warning proved to be true. But my resolve is unshakeable when it comes to facing them down, because I know: they are but a few, and there are so many of us. [Applause]
Those of us who are ready to fulfill our part in achieving positive transformation are, without doubt, stronger. We will triumph because we are in the right.
We dared to dream, we began pursuing those dreams, we worked hard, we gained the momentum, and today, the Filipino people are moving even faster along the straight path to lasting and inclusive growth. [Applause]
Our fatigue and sacrifices will be all the more worthwhile if you are able to continue what we started together.
It is you who will face a fork in the road; it is you who will decide if change will continue. Let us remember: This my fifth SONA; only one remains. In 2016, you will be choosing new leaders of our country. What I can tell you is this: if you wish continue and even accelerate the transformation of society, there can only be one basis for choosing my successor: Who will, without a shred of doubt, continue the transformation we are achieving? [Applause]
You are our bosses, you are our strength, you are bringing about change –and so it is you, too, who will continue the task. It is entirely up to you how history will remember this era. They may recall it as the very peak of our triumphs, as a promising start that went to waste. But it would be infinitely better if they remember our achievements as the beginning of a long journey towards the fulfillment of even more ambitious hopes.
When some groups appealed to me to run for President, they told me that they did not expect to solve all the country’s problems in a span of six years. They simply asked me to begin the change. You saw where we came from, and you are seeing how we have far surpassed the aspirations with which we began.
We are forging a system of fairness; where, as long as you follow the rules, you can get to where you want to go; where true competition leads to opportunity and widespread progress; where each and every person can take control of their own destinies. [Applause]
A society where the least fortunate are cared for is within reach; where each person recognizes his responsibilities to his fellowmen; where there is an unceasing, untiring, ever-active participation in collectively increasing the prosperity of society.
The future we desire is on the horizon: one where justice reigns supreme, and where no one will be left behind.
These are the results of reform. This is what we have fought for, and this is what we will continue fighting for: not the prevalence of the old ways, but a new system that will benefit all. [Applause]
To my Bosses: You gave me an opportunity to lead our efforts to transform society. If I had said “no” when you asked me to take on this challenge, then I could just as well have said that I would help prolong your suffering. I cannot do that in good conscience. If I had turned my back on the opportunity, then I might as well have turned my back on my father and mother, and all the sacrifices they made for all of us; that will not happen. On our journey along the straight path, you have always chosen what is right and just; you have been true to your promise, and I have been true to all of you. [Applause]
The transformation we are experiencing now, we can make permanent with the guidance of God. As long as your faith remains strong—as long as we continue serving as each other’s strength—we will continue proving that “the Filipino is worth definitely dying for,” “the Filipino is worth living for,” and if I might add: “The Filipino is worth fighting for.”
The Vice President knows this—we were together in 1987. There was a coup de etat, and I was ambushed. Everything after that I consider my second life.
It’s hard not to think about these things, considering the people we’ve been going up against. Will there be a day when I go onstage, for work, and—will someone manage to plant a bomb? Will the dark schemes of those who want to bring us back to the wrong way of doing things finally succeed?
When that day comes, and my second life comes to an end, will I be able to say things will be ok? I will tell you this, straight in eye: after everything we’ve achieved, I can say that I am content.
I am content because I am sure that when I’m gone, many will take my place and continue what we have started.
Maybe this is what I’m meant to do: to start this.
There are people like Cardinal Chito Tagle, Ka Eduardo Manalo, Brother Eddie Villanueva, Father Catalino Arevalo, and Father Jett Villarin, Bishop Jonel Milan, Sister Agnes Guillen, and Mae Salvatierra. These are individuals from the religious sector, who will continue what we’ve started. [Applause]
There is Aris Alip of CARD, who will do his part through microfinance. There is an Alice Murphy and her urban poor associates who will truly continue to take care of our informal settlers. [Applause]
There are our soldiers and police officers, who try every day to do what is right—just like our new Chief of Staff, our Service Commanders, our soldiers in the Light Reaction Battalion, and the JSOG.
There are, of course, my fellow politicians. Is there any doubt that Senate President Franklin Drilon and Speaker Belmonte will lead us along the right path? [Applause]
It has also been my privilege to work with and interact with a certain governor, Alfredo Maranon of Negros Occidental: [Applause]
He is not a party mate, but  I think I am part of his fan club because of his good governance in Negros.
There are up and coming young politicians. Or at least they’re younger than I am—I don’t want to seem too much like an old politico by referring to my colleagues as young.
These are the likes of Mayor Jed Mabilog and Mayor Len Alonte [Applause].
There is also those in the cultural sector—such as Noel Cabangon and Ogie Alcasid-—who are not self-centered. [Applause]
Every night, before I go to bed, I am thankful that I was able to get through another day. Just as it was said when we were kids, “finished or not finished, pass your paper.” It seems to me, you have felt the true extent of the change that is every Filipino’s right to aspire to. It will be up to you to carry this forward. [Applause]
To my Bosses: You are behind the transformation we are enjoying. You are the key to continuing all the positive changes we have achieved. I fully believe that, whether I am here or not, the Filipino is headed towards the rightful destination.
And so, I will leave it here. Good afternoon to all of you. Thank you very much. [Applause]
____________________________
Basahin ayon sa pagkakabigkas"
Benigno S. Aquino III,27-Jul-15,Sixth State of the Nation Address,https://www.officialgazette.gov.ph/2015/07/27/english-president-aquino-sixth-sona/,"Batasang Pambansa, Quezon City","The 2015 State of the Nation Address
[Basahin ang orihinal.]
State of the Nation Address
of
His Excellency Benigno S. Aquino III
President of the Philippines
To the Congress of the Philippines
[This is an English translation of the speech delivered at the Session Hall of the House of Representatives, Batasang Pambansa Complex, Quezon City, on July 27, 2015]
Thank you, everyone. Please sit down.
Before I begin, I would first like to apologize. I wasn’t able to do the traditional processional walk, or shake the hands of those who were going to receive me, as I am not feeling too well right now.
Vice President Jejomar Binay; Former Presidents Fidel Valdez Ramos and Joseph Ejercito Estrada; Senate President Franklin Drilon and members of the Senate; Speaker Feliciano Belmonte, Jr. and members of the House of Representatives; Chief Justice Maria Lourdes Sereno and our Justices of the Supreme Court; distinguished members of the diplomatic corps; members of the Cabinet; local government officials; members of the military, police, and other uniformed services; my fellow public servants; and, to my Bosses, my beloved countrymen: Good afternoon to you all. [Applause]
This is my sixth SONA. Once again, I face Congress and our countrymen to report on the state of our nation. More than five years have passed since we put a stop to the culture of “wang-wang,” not only in our streets, but in society at large; since we formally took an oath to fight corruption to eradicate poverty; and since the Filipino people, our bosses, learned how to hope once more. My bosses, this is the story of our journey along the Straight Path.
Just last Friday, we inaugurated the Muntinlupa-Cavite Expressway. This is the first Public-Private Partnership project that we approved, and the first such PPP project opened to the public under our administration. Under the previous administrations: It was as if the government had to beg the private sector just to gain their participation. Now, companies are the ones seemingly courting the government—for MCX in particular, we were paid a premium of P925 million just so that our private partner could have the privilege of building the infrastructure we need. In fact, they are so confident that this project will earn them a profit, that they said the first month of toll operations at MCX is free.
We have indeed come so far. And, in order for us to appreciate just how far we have travelled, let us recall where we started.
When we came into office, we found a citizenry that had grown desensitized to the many allegations of lying, cheating, and stealing in government.
Those in power boasted of the country having enough classrooms. In truth: classes had to be held in four shifts. Students went to school while it was still dark, and others would go home long after the dark of night had well and truly fallen. All of them were left in the dark because they were not accorded sufficient time in the classroom for learning.
Our predecessor took pride in “uninterrupted growth” during her last SONA. Scrutinize what she said, however, and you would realize that a significant portion of this growth was fueled by remittances from Filipinos who had lost hope in our country. As they say: People were voting with their feet. If I were to imitate that style of governance, I would be loath to claim a success borne of forcing my countrymen to escape our shores.
As the 2004 elections approached, more than P700 million were allegedly used to buy fertilizer that was not suitable for crops; the endeavor was costly; and in many instances, the farmers who should have received the farming supplements never saw it. We ask: Who was nourished by such fertilizers? Definitely neither the farmers nor their crops. Perhaps you also remember the NBN-ZTE scandal. We investigated this in the Senate; someone said there was an attempt to bribe him. When we undertook an inquiry, this person did not want to testify; he claimed executive privilege. Of course, we couldn’t summon the sitting President—hence, the only one we could question was her henchman accused of bribery. Naturally, he denied the accusation.
During those times, even children became familiar with the word “scam.” You might also remember “Hello Garci,” to which the answer was a mere “I am sorry.” The genuine bank accounts of the nonexistent Jose Pidal. The attempt to convene a Constitutional Assembly, so that they could stay in power for the rest of their lives. There was Executive Order 464, which tried to stifle the truth. The declaration of a State of Emergency, in order to do away with the checks and balances for Martial Law as enshrined in the 1987 Constitution. There were midnight appointments. The policy known as Calibrated Preemptive Response, which was used against protesters. Even on the level of grammar, this is wrong. How could a response come before anything else? It’s like saying you replied to someone who never texted you.
These were the headlines that greeted us every time we had breakfast in the years before we came into office. The moment we assumed the presidency, we began to unearth anomaly after anomaly. In my previous SONAs, I have already mentioned some of them: In the National Food Authority, they allowed the debt to bloat from P12.3 billion pesos in 2001, to P176.8 billion in June 2010. Even worse: they continued to import rice, only to have it rot in warehouses. In PAGCOR, a billion pesos went to coffee. In the MWSS: excessive bonuses, one on top of the other. For the Laguna Lake: an attempt to waste over P18 billion just to play with mud. Indeed: I could not comprehend how those behind such controversies could willingly benefit from the suffering of our countrymen.
Every government official takes an oath to do right by our countrymen and to uphold the law. But it was clear: our predecessor did precisely the opposite. We were all witnesses to the most appalling example, when 58 Filipinos were massacred in Maguindanao in November 2009. To think about committing such a crime was already heinous. To do it, which they did, was even worse. The worst offense of all: Their belief that they could get away with it, because they were in power—which is why they carried out their plans in the first place. These are only a few examples; there are many others.
With this kind of situation, can we really blame our countrymen for losing sight of hope, and consequently, leaving our country?
Like you, the thought of giving up had crossed my mind. When my mother died, my confidence diminished further; our family’s leader and inspiration to pursue change was gone. At her wake, someone approached me and suggested that I run for the presidency. My immediate response: I am not a masochist. I was one of the people calling for an end to impunity and wrongdoing; I understood just how dire the situation was. I was also certain they had deliberately hidden details from us, and the real problems were bigger than what we knew. When you called me to serve, my question was: If I am unable to solve these problems quickly, how long will it take before my bosses lose their patience, and instead direct all their anger at me?
One of those who convinced me to run was Alex Lacson. He said: “To simply put an end to all the abuse would suffice. To stop the hemorrhaging would be enough.”
Let us listen to him:

Translated transcript of Testimonial of Alex Lacson
In 2008, our country was ranked by the World Bank as one of the most corrupt in the world. Our self-confidence and morale as a people were very low.
At the time, many of my friends and I were looking for a good man, not just a good politician to be our president in 2010.
Then, President Cory passed away, and Senator Noynoy spoke at her funeral. That is when we truly saw him.
My friends encouraged me to lead the public call to urge Senator Noynoy to run for president. My friends and I went to the house of Senator Noynoy in Times Street. We brought a yellow drum and we encouraged the public to write letters.
Within 24 hours there was an outpouring of public support for Senator Noynoy to run for public office.
I did not expect him to be superman and solve all our problems in the country; we expected him only to begin reform.
Mr. President, thank you for heeding the call of the people in 2010, and thank you, too, for respecting my beliefs, even as we disagreed on a number of issues.
Mr. President, continue to lead our country on the right path.

[Applause]
From the start, we already knew that corruption was the root of all our people’s suffering. Thus, our battle cry: where there is no corruption, there will be no poverty.
Tremendous perseverance, courage, political will, and faith in God and in our fellowmen were needed in order to breathe life into this ideal. Of course, the masterminds of the old system were not meek lambs, willing to see the end of their opportunity to take advantage of others. They used, and continue to use, their influence and wealth to fight our agenda of change. They also used their power to prepare life preservers for when the time of judgment came.
The Ombudsman who should have been appointed to guard against corruption allegedly played blind to all the scandals of the past administration. She was impeached in the House of Representatives, and resigned from her post before she could be tried in the Senate. The Chief Justice who seemed to have a bias for the one who appointed him, was proven to have hidden wealth and properties not disclosed in his SALN. He was impeached in the House and convicted in the Senate.
To replace them, we appointed men and women with integrity and independent minds. The new Ombudsman: Conchita Carpio-Morales. The new Chief Justice: Ma. Lourdes Sereno. Now, she has sufficient time to implement reform in the Judiciary. [Applause]
Even in other agencies, we appointed honest and fearless leaders. We immediately placed Chairperson Grace Pulido-Tan in the COA. In the Executive, we likewise appointed uncompromising persons: Commissioner Kim Henares in the BIR and Secretary Leila de Lima [applause] in the Department of Justice. They did not back down from any challenge in fulfilling their mandates. To all of you, I give my heartfelt thanks.
Whether in the top, middle, or bottom of the bureaucracy, so many have been suspended, removed from their positions, made accountable through cases filed against them, or even imprisoned. If there is anyone who still doubts that justice is blind in the Philippines, it would be best if they turned their attention to the three senators currently detained, or to a former president still under hospital arrest.
There are some who say we should move on. Personally, I believe in what George Santayana said: Those who forget the mistakes of the past are condemned to repeat it.
Just take a look at the actions of those who have wronged us. They will first work to ensure we forget what they have done. After this, they will say, “Have pity on us.” They already took advantage of us; now they are trying to take advantage of the Filipino’s innate penchant for forgiveness, in order to escape accountability. The next step: they will find a way to return to power. Isn’t that their master plan—so that they can continue to take advantage of us?
I learned from my parents, from the church, and from the processes of our laws: Whatever reconciliation must come from the confession and repentance of those who have committed wrong. Can you remember an instance in which anyone said, “I’m sorry I stole from you and abused you; I am ready to change”? For my part: We can only move on once justice has been attained. [Applause]
We continued to reform our institutions, in order to refocus them towards their true mandates. For example: Government Owned and Controlled Corporations. Appointees to GOCCs swore to safeguard our people’s money. The sad fact is, even when the GOCCs were mired in debt, they showered themselves with benefits and incentives left and right. If we liken their institutions to cattle, they’d just as soon butcher the cow for meat, even as they milk it. This is why in the past administration, dividends collected over nine and a half years only amounted to P84.18 billion.
Under our administration: the number of GOCCs has already been reduced by shutting down those deemed irrelevant, and yet because of improved management: the dividends we have collected in the five years we have been in office have now reached P131.86 billion. [Applause] It isn’t unlikely that, before we step down from office, we will be able to double the dividends collected by our predecessor who had much more time to accumulate these funds. [Applause]
This is the same commitment we have shown in the BIR, which is the biggest revenue-generating agency of the government. When we stepped in, the highest collection on record was in 2008, at P778.6 billion. We surpassed this by leaps and bounds. In 2012, the BIR collected P1.06 trillion—the first time in our history we have breached the 1 trillion mark for collections. [Applause] Last year, the number went up to P1.3 trillion; this 2015, we will collect up to P1.5 trillion. [Applause]
We only needed five years to match, surpass, and almost double our predecessor’s record high—and we did this without imposing new taxes, as promised, apart from Sin Tax Reform. [Applause]
How did we do this? It was simple. I believe that Commissioner Kim Henares is a kind person, but those against whom she filed cases might have a different opinion. Commissioner Kim Henares spared no tax evader. [Applause] 380 cases have already been filed against those who attempted to evade taxes. She also made the system for tax payment more efficient, and made clear to everyone their civic duty to contribute to the development of our country.
For the National Budget: under the previous administration, the budget was always reenacted, whether partially or fully. In 2007, for example, it was almost April when the General Appropriations Act (GAA) was approved. It was already worrying that projects that had been completed received funding once more. Even worse: Even the Maintenance and Other Operating Expenses, including salaries, were included in this reenacted budget. What this means: funds were allotted again for salaries—even if all had already received what was due them for the first three months of 2007. I wonder: Where did the excess funds that were allotted and requested for go?
What we have proven: If the Executive proposes a reasonable budget, the dialogue with the members of Congress will go smoothly. The faster the GAA is passed, the quicker services will reach our countrymen, and the sooner will we be able to alleviate their suffering.
The message was clear: We are serious about change; the playing field is level. The result: Confidence in our economy.
When we began, I did not think that we would immediately win back the global community’s confidence in the Philippines. I only thought of fixing the crooked system to prevent our people from sinking deeper into poverty. Let me ask you: Did it ever occur to you that we would continue rising in global competitiveness rankings, and that we would be recognized for the speed with which our economy has grown? In fact, the Philippines is now being called “Asia’s Rising Tiger,” “Asia’s Rising Star,” and “Asia’s Bright Spot.” [Applause]
Now, for the first time in history, we are unanimously deemed investment grade by the most prominent credit rating agencies. This is a signal to businessmen that it is worthwhile to invest in the Philippines. The risks of doing business here have decreased. Now, with lower interest rates and more flexible debt payment schedules, more investors are finding it attractive to bet on the Philippines. Through the institution and expansion of businesses, commerce becomes more lively, competition strengthens, and even more opportunities are created. All this has been a direct result of reforms we made along the Straight Path. [Applause]
Just look: back in 2010, net foreign direct investment in our country was at $1.07 billion. In 2014, net foreign direct investments reached $6.2 billion. [Applause] This is the highest ever recorded in our entire history.
The numbers for domestic investments are likewise impressive; now, Filipinos are betting on their fellow Filipinos. Let us compare: from the time this was first measured back in 2003 until 2010, the amount of approved domestic investments totaled just P1.24 trillion. Under our watch, from the third quarter of 2010 until the end of 2014, the amount invested by our countrymen in the market reached P2.09 trillion. [Applause]
In manufacturing: I admit, during my first year in office, one of the things furthest from my mind was the idea that we could reinvigorate this sector. The industry faced many challenges: electricity, for one, was both expensive and unreliable. It was also no small feat to establish facilities here, because of the large investment involved in buying machines and training employees. This is why, back then, we had to import even low-tech electric fans.
Thanks to the reforms that have restored confidence in our nation, manufacturing growth has accelerated—from 3 percent annually between 2001 and 2009, to 8 percent from 2010 to 2014. [Applause]
It is clear: The Filipino can compete. In the past, our only selling point was low wages. Now, investors are bringing to our country factories that produce hi-tech equipment: from aircraft components, electric tricycles, printers, and other digital media products, to high-quality medical devices like aortic catheters and devices for in vitro diagnostics and hemodialysis treatment.
Let us listen to a businessman who will tell us of the new business climate in the Philippines:

Translated transcript of Testimonial of Peter Perfecto, Makati Business Club
One of the most important things this administration has accomplished was reversing the corruption trends of the previous administration.
Without the rule of law, the advantage went to corporations that were complicit with the systemic bribery and a faulty tax system.
President Aquino has walked the talk. He has delivered on his promises. They arrested the former president, the three senators, and ousted a Chief Justice who were all once thought to be “untouchable.”
The strong message has been sent. Because of the rule of law and the commitment to good governance this administration has made, our foreign direct investments rose from P2 billion to P6.2 billion.
We have made a huge leap forward: jumping 33 places in the rankings set by the World Economic Forum; and according to them, this is a result of this administration’s anti-corruption agenda—all because of the changes that this government has enacted. It is the responsibility of each Filipino to learn from these recent achievements and ensure that we continue moving forward with the coming administration.

[Applause]
We all know that the primary measure of economic improvement for the common Filipino is the creation of jobs. Let us look at what we’ve achieved in this area.
Every year, around 80,000 new entrants join our labor force. Now, consider the fact that there are reports of overseas Filipinos returning home. In 2011, our Department of Foreign Affairs reported that there were around 9.51 million overseas Filipinos. Based on the latest estimates in December 2014, that number went down to 9.07 million. It is reasonable to say that a good number of the estimated 440,000 Filipinos represented by that decrease came home and were able to find work. [Applause]
Despite the fact that there are new entrants, returnees, and previously unemployed Filipinos, our unemployment rate still dropped to 6.8 percent last year. This is the lowest recorded in a decade. [Applause] Let me be clear: We created permanent jobs; we did not hire an abundance of street sweepers during the period the labor survey was conducted, just to boost results.
Together with creating real jobs, we are also fostering a good relationship between labor and management throughout the country. Let us compare. In the nine and a half years of the previous administration, the number of strikes that occurred were 199, or roughly 21 strikes for each year. In our five years in office, the total strikes were only 15. [Applause] In fact, in 2013, there was only a single strike recorded in the country. This is the lowest recorded in the history of DOLE. [Applause]
It is because of this that we are truly impressed with Secretary Linda Baldoz and our labor and management sector. [Applause] To Sec. Linda: You are not only efficient; you are also very positive which makes you the type of colleague who is a pleasure to work with. That is why you are considered the Pastor of the Cabinet. Thank you, very much, for all your efforts, Linda. [Applause]
The transformation has indeed been vast. Before, the signs we would always see proclaimed, “No Vacancy,” didn’t they? Today, announcements that say, “For Immediate Hiring” are scattered everywhere; you need only open a newspaper to see classified ads from many companies who are hiring. Some of them have even been getting creative with incentives. There’s this one company that says: just come in for an interview and your breakfast is on them. Once you’re hired, they’ll cover your treat to friends and family to celebrate your new job.
Some businessmen have even mentioned to me that they are finding it difficult to hire accountants. I remember when I was younger, a lot of people were taking up BS Commerce, Major in Accountancy. When I visited Bicol University, I mentioned this to their president. I had to ask: Am I correct in the knowledge that your university has an accountancy program? Their reply: Yes, but even we are having trouble filling our accounting department. Why? Their president said that their students, even in their third year of college, are already being recruited by accounting and auditing firms. [Applause]
This is happening precisely because we have worked to address what is called the job-skills mismatch. In the past, so many of our countrymen were saying that they had no jobs, even when there were so many unfilled positions listed in the PhilJob-Net website. The simple reason: The skillset of our countrymen did not match what the market needed. The solution to this was also simple: Talk to prospective employers and ask them what skills are demanded by the positions they are opening. Now, it is in these skills that we train Filipinos, so that they can maximize opportunities.
The principle behind our strategy of governance: Instead of giving our countrymen fish, we will teach them how to fish. We are ensuring that the progress we have made and the opportunities that have been created can be maximized by our fellowmen. We cannot wait for the benefits of growth to trickle down to the poorest Filipinos; we cannot leave it to chance, or hope for the best. Our commitment: inclusive growth.
The agenda: assistance, knowledge, skills training, and health, to ensure that no one is left behind. One of our mechanisms: the Pantawid Pamilyang Pilipino Program.
We have vastly expanded the scope of this program. Now, more than 4.4 million households are feeling the benefits of this program. [Applause] This is extremely far from the 786,523 households covered by the program when we entered office. This year, 333,673 graduated from high school; they are part of the first batch of beneficiaries under the expanded Pantawid Pamilya. 13,469 of these youth graduated with honors and a variety of awards. [Applause] In fact, the two beneficiaries I met were accepted into Civil Engineering, a quota course in the University of the Philippines.
All of these beneficiaries will gain important knowledge; instead of entering menial jobs once they graduate, it is almost certain that they will find jobs that will pay them a decent salary. Their income tax alone will repay the state’s investment, and we will be able to continue the cycle of empowering those in need. The brighter future that awaits the honor students the program assisted is just an added bonus.
Let us listen to one of those assisted by Pantawid Pamilya.

Translated transcript of Testimonial of Alyannah, CCT beneficiary
I work much harder now. I knew the trials my family faced because of poverty. When we were enrolled in the Conditional Cash Transfer program, I saw that people wanted to help us. I knew they wanted nothing in return—but, for me, the only way I could repay their kindness was through my studies. The money we get from the government was never wasted. We were able to finance all of my school expenses.
I was so happy when I got into my dream school, the University of the Philippines. The CCT program gave me a chance to get a good education, which helped me finish high school; and now I’m on my way to college. I know this program is on the receiving end of a lot of criticism, but I want to tell President Benigno Aquino that they need only to look at me—at us. We are proof that the money set aside by the government for this program is not a dole-out. The money goes towards a worthy pursuit, which I know one day will help uplift the entire country.

[Applause]
Under Pantawid Pamilya, in exchange for assistance, the primary focus of beneficiaries must be the education of their children. This has already borne early fruit: According to studies conducted by the Philippine Institute for Development Studies, in 2008, there were 2.9 million out-of-school children in the country. The years passed and our population grew, but in 2013, only 1.2 million out-of-school children remained. Let me emphasize the difference: 1.7 million. [Applause]
It’s as if we filled around 42,500 empty classrooms with students. Of course, apart from the Pantawid Pamilya, the Alternative Learning System also helped to ensure that even indigenous peoples and street children are not left behind.
And yet, there are still some who ask: Where are the results of Pantawid Pamilya? Our answer: Oh come on. They seem to think that Pantawid Pamilya is like a magic tablet that, once taken by a child in kindergarten, turns that child into a college graduate after only a few hours. [Laughter and applause] Perhaps, they did not have enough time to study during their time; let us help them count: K to 12 lasts 13 years, while my term only lasts for six. Now we see who’s trying to deceive us.
There are even some who had the guts to raise an outcry and shout: There are leakages in Pantawid Pamilya. Then we discovered they used data from 2009, just to have something to criticize. Let me remind them: I became President halfway through 2010; perhaps you should be asking another president to explain the alleged leakage. [Applause] I guarantee that, when the time comes that the beneficiaries of this program are contributing to the economy, those who are criticizing it today will be falling over themselves to proclaim that they are the father or mother of the expanded Pantawid Pamilya.
Now, in the sector of education: We are making sure that the deficits of the past are erased and the needs of the present are addressed, even as we prepare for the future.
In just our first two years in office, we were able to close the backlogs we inherited of 61.7 million textbooks and 2.5 million school chairs. In 2013, the backlog of 66,800 classrooms was finally eliminated and the backlog of 145,827 teachers was likewise addressed, with the help of our LGU partners. [Applause]
According to the estimates of DepEd, from 2010 up to 2017, the total amount of new students: 4.7 million. This is because of the increase of enrollees and the implementation of the K to 12 program. In order to meet this vast increase, we need to add an estimated 118,000 classrooms to what we already have. 33,608 of these have already been constructed. This year, we are slated to construct more than 41,000 more. Funds for the remaining 43,000 classrooms have already been included in the proposed 2016 budget that we will pass tomorrow, which we hope you will approve. [Applause]
The number of teachers we will need are estimated at 130,000. In 2014, we have already hired 29,444. This year, the total number of teachers we target to hire: 39,000. The remaining 60,000 positions will be covered in the proposed 2016 budget, which we hope you will approve as well. [Applause] According to Bro. Armin, the sum total of the classrooms our administration has constructed and the teachers we have hired exceeds the cumulative total of classrooms built and teachers hired in the past twenty years before we came into office.
We have already turned over 73.9 million textbooks that will be followed by an addition 88.7 million this year. In 2015 as well, 1.6 million school seats were delivered to schools, and we will add another 1.6 million before the end of the year. After eliminating the existing backlog in classrooms, we constructed or continue to construct 33,621 classrooms, while allotting funds for the construction of 41,728 more. For teachers: 39,000 are already being hired by DepEd for this school year alone.
Tomorrow, we will submit the budget for 2016; included in it are funds for an additional 103.2 million textbooks, 4.4 million school seats, 43,000 classrooms, and 60,000 new teaching positions. Everyone can see: We will not leave further sources of headaches for those who will succeed us. [Applause]
Let me be clear: We implemented K to 12 because it is not practical to cram learning in a 10-year basic education cycle. May I remind you, that we are one of the three countries left in the world with a 10-year basic education cycle. The credentials of our countrymen working overseas are already being questioned; there are also some who have been demoted because our diplomas are supposedly not proof of sufficient knowledge. If the past educational system can be likened to a mango induced to ripen under artificial circumstances; now, we are ensuring that the abilities of our students are fully developed, so that they can take hold of their futures.
Let us listen to a story that is proof of this:

Translated transcript of Testimonial of Rezia Joy Jianoran
My father has been a jeepney driver all my life. When I was in my second year of high school, my mom suffered a stroke. I didn’t ask, but I knew that they couldn’t afford to send me to college.
Instead of dropping out of school, I decided to continue my studies under the K to 12 program. My chosen track of specialization was the Drafting Technology course.
Part of the K to 12 program is the career immersion. I was assigned to CLP Metal, a metal fabrication company.
I was tasked to design machines. This machine was designed to de-hair pigs. Once a pig is processed, after several seconds, it comes out without any hair.
A machine like this can only be bought abroad. Because of the design by CLP, we’re able to adjust to the budget restrictions of our customers.
I’m extremely proud because when you think about it: How many 19-year olds can say they have designed a machine?
I’m proud that I’m a K to 12 graduate because I can now support my family. And I’m learning while I’m earning.

[Applause]
Should these graduates choose to go into tech-voc, the programs we enhanced are already waiting for them. 7.8 million have already graduated from the different courses of the Technical Vocational Education and Training overseen by TESDA. Under the Training for Work Scholarship Program alone, the number of graduates have already reached 821,962. Perhaps you are wondering: What is their situation today? According to studies, 71.9 percent of graduates were able to find employment right away, compared to the 28.5 percent recorded before. There are even some industries breaking records. For example: the employment rate for the entire semiconductors and electronics industry has already reached 91.26 percent—just a little more, and we’ll be at 100 percent. [Applause]
Secretary Joel Villanueva told us before of an OFW forced to return home; she thought there was no hope to improve her lot in life. Then, she studied “hilot wellness massage” in TESDA; now, her spa already has 4 branches. In my last SONA, I also told you of a PWD who was once a barker; he is now an escalation supervisor in a BPO. [Applause]
A success story from the Sari-sari Store Training and Access to Resources Program, or STAR: There was a sari-sari store owner who used to earn 800 pesos a day; now, her daily earnings have reached 4,000 pesos. If you sum everything up, her earnings are more or less equivalent to my salary, even if we do not experience the same type of stress. [Laughter]
How did this happen? She was trained in bookkeeping, inventory management, accounting, and other disciplines. What’s extremely impressive: The STAR program even teaches students how to ensure that their profits are maximized.
Let us listen to one of those who benefited from TESDA and Coca-cola’s program:

Translated transcript of Testimonial of Ma. Theresa Tomaro, TESDA Star Program trainee
My husband and I were both unemployed when we started training with the STAR program. We were taught how to manage and grow a business.
When we started our sari-sari store, it was made out of bamboo. Now, its walls are made of concrete.
This not only helps us, but also our children. We are able to give them good lives.
I’ve been able to sell a lot of things. My income has doubled since then.
I’d like to thank Secretary Joel Villanueva because of their program, I was able to have the opportunity to show my ability to run my own business.

[Applause]
Now, on the sector of health. To many Filipinos, falling ill poses a serious challenge to the fulfillment of their dreams. Families climbing the ladder of progress, return back to zero once they are struck by illness. Not only are their savings emptied, they also fall deep into debt.
When we came into office, only 47 million Filipinos were beneficiaries of PhilHealth. We have almost doubled this number: Just this past June, PhilHealth coverage has reached 89.4 million Filipinos. [Applause] The transformation we wrought: Before, during elections, new PhilHealth beneficiaries seemed to sprout like mushrooms. Instead of the basis for membership being the interest of Filipinos, it became manipulated to serve the electoral candidate’s interest. Now, we have corrected that system.
There is more good news in the sector of health. In 2012, we announced: If your family is part of the lowest quintile, or the poorest 20 percent of our population, and you are seeking treatment in public hospitals, then we guarantee that you will not have to pay a single centavo. Beginning in 2014, this has expanded to cover the next quintile of our society. This means that for the poorest 40 percent of the population, treatment in public hospitals is free. This is the care that some have called inefficient and uncaring. The only thing I have to say to them, as Aiza Seguerra said back in the day: I thank you, bow. [Applause]
Now, let us hear some of the results of the improved PhilHealth program:

Translated transcript of Testimonial of Danilo Espiritu, PhilHealth beneficiary
I was diagnosed with quadruple clogs in the coronary area.
We didn’t know how we could afford the operation. The first hospital we went to said the operation would cost 300,000 pesos. At [the Philippine General Hospital], it would cost 700,000 pesos. At UST hospital, they said it was 800,000 pesos.
But when one of the doctors learned that my wife was covered by PhilHealth, he said our case qualified under the Z-Package, and we could push through with the operation.
We just stood up then and went to fix the paperwork, and I was provided the opportunity to extend my life.
The service I got at the hospital was comparable to that received by a private hospital patient. I wasn’t considered a charity case. I was a full-fledged paying patient, and PhilHealth paid for my operation.
To be honest, I didn’t pay for anything. The little money that we did save, we were able to use for the post-operation expenses.
I’m thankful for PhilHealth and our government for implementing these kinds of projects, which genuinely help people in need.

____________________

Translated transcript of Testimonial of Governor Lilia Pineda
Sin Tax should have been implemented earlier; it’s the answer to our goal of providing universal healthcare. It was a big help to the province of Pampanga: In the past, the Capitol spent over 400 million pesos a year in health aid. But when the Sin Tax Law was implemented, those who needed healthcare were covered by PhilHealth. We are truly grateful to President Aquino because the project provided a huge relief for Pampanga. The money saved was used to fund other important projects. The proceeds of the Sin Tax also went towards the construction of a birthing station, hospital renovations, and the construction of health centers. We’re so thankful to the President for caring for the poor who suffer sickness.

[Applause]
Let us again return to the story of the past five years. We went after the corrupt and we cleaned the systems, which redounded to confidence in our markets. Businesses came into the country, opportunities expanded, all while we empowered Filipinos to gain decent employment. They patronized these businesses, which, having recognized that the playing field is level, know they can profit without having to resort to illegal activities. They then expand their operations, and employ even more people. This is a cycle: justice, trust, economic growth, the creation of opportunities, progress. Boss, this is the very spirit of, “Where there is no corruption, there is no poverty.” [Applause]
And we did not just achieve change. The transformation we are experiencing today has already exceeded the expectations we had in the beginning.
The Cadastral Survey, which was started in 1913, has been completed by us. It took almost a century for those who came before us to complete 46 percent of this survey. The more than half left to be done, we finished in just five years in government. This Cadastral Survey identifies the boundaries of the land covered by each city, municipality, and province in the Philippines. In ARMM, for example, it was as if the land gave birth to more land: According to the maps, there are only 1.2 million hectares belonging to the region, but if we were to add up all the lands being claimed, they would reach a total of 3.7 million hectares. Now, because we have fixed the land record system through the Cadastral Survey, no new land will be birthed in ARMM.
In 2011, we conducted an inventory of sitios, and we identified those that were still without electricity. Through the Sitio Electrification Program, we were able to bring light to 25,257 communities identified through this inventory. On top of this, because of the use of solar energy and other technology, even far-flung and isolated areas that would be difficult to connect to the grid already have electricity. Now, around 78 percent of sitios in the Philippines have already been energized; the DOE has guaranteed that, before we step down from office, all the rest of the sitios from the 2011 tally will have electricity. [Applause]
Now, let us watch a farmer who has benefited from our Sitio Electrification Program.

Translated transcript of Domingo Bonifacio
It was difficult when we didn’t have electricity; you just had to bear with it. We could only power our homes with fuel sources.
We first got electricity this July, and we were so happy when switched on the lights here at home for the very first time. We can now watch movie tapes or listen to good music. The children are now able to study at night. I’m even able to work at night because now I can charge my spotlight during the day, and because I’m more productive, I earn more.
Translated transcript of Mayor Abraham Akilit, Bauko, Mountain Province
Our lives have changed for the better now that we finally have access to electricity. We’re able to be more efficient—an example would be our weaving. With sewing machines, we can create more beautiful designs, which we can sell at a better price. Food processing needs equipment, which runs on electricity. Students can use the Internet for research. Electricity has brought good things to Bauko. Congratulations to our President for making Bauko a better place to live in.

[Applause]
In the sector of aviation, there has also been a steady stream of good news: in 2013, the International Civil Aviation Organization lifted the significant safety concerns it had imposed on our country back in 2009. In the same year, the European Union allowed our flag carrier to resume its flights to Europe. The following year saw another local carrier receiving approval from the European Union, while the US Federal Aviation Administration upgraded us to Category 1, from the Category 2 downgrade we had received in 2008.
Because of these developments, incoming and outgoing flights are increasing, and it is also becoming easier for tourists to fly around the Philippines. Even better news: Just this June, the EU Air Safety Committee removed its ban on all our air carriers—the first time that it has lifted its ban on the entire civil aviation sector of a country. Now, all our airlines will be able to fly directly to the United Kingdom, Italy, and other countries part of the EU.
In seafaring: In 2006, the European Maritime Safety Agency or EMSA was already questioning our compliance to the Standards of Training, Certification, and Watchkeeping for Seafarers. Because of this, there was a threat that the EU would no longer recognize our maritime education certificates. If we did not act, there would have been the chance that an estimated 80,000 Filipino seafarers working on European boats would be out of jobs.
MARINA and the DOTC went to work quickly in order to match our maritime education certificates to global standards. To this day, the EU continues to recognize our certifications. Come EMSA’s next audit, which will begin in October, MARINA guarantees: We will definitely pass. [Applause]
To Sec. Jun Abaya: May you not waver in your resolve, even when it seems that some have forgotten all that you have done for our sailors, ICAO’s lifting of the significant safety concerns it had imposed on our sector, the European Union’s lifting of the ban on our airplanes, and the Federal Aviation [Administration] upgrading us to Category 1. It was also you who banned boats from setting out to see during typhoons, which helped to keep passengers away from danger. It is now rare for us to receive news about ships sinking during typhoons. All of these achievements have seemingly been cast aside, because of the complicated challenges in the public transport sector. The biggest example of this is the MRT.
Few mention that we have partners from the private sector in this endeavor, who remember their entitlements, but seem to have forgotten their obligations. This partner of ours is supposed to be in charge of maintenance. In 2008, there should have been a general overhaul of the MRT, but upon DOTC’s inspection, only token cosmetic changes were undertaken. This lack of care practically guaranteed the breakdown of our trains. Is it not in the interest of all companies to make sure that they get their money’s worth from their investment? Yet, they allowed the situation to deteriorate, to the point where, at very short notice, they just passed the job of improving the MRT onto us.
When we made moves to undertake improvements, suddenly, they wanted to take back the responsibility of maintenance. However, their proposal was significantly more expensive than hours. This would, of course, translate to added expense and aggravation for our people. We did not agree to this, and began the process of obtaining new train coaches. But because the MRTC was adamant, they were able to obtain a TRO on the procurement. That is why the MRT situation has come to this.
Sec. Jun: You, I, and the entire population of Metro Manila are not pleased with what is happening. The private sector relegated its responsibility to us; when we made moves to provide a solution, they blocked us. It is clear that our agenda and that of the MRTC will never meet. Now, we are taking steps to buy out the corporation. Once this is fixed, the state will be the sole decisionmaker.
While we are undertaking this process, we are already implementing immediate maintenance work. Bigger, more long-term solutions are also set to arrive. Next month, we can expect the delivery of the prototype for new coaches; once this passes scrutiny, beginning in January, three coaches will be delivered every month until our order of 48 coaches has been completed. The process to obtain new rails is underway, together with the upgrading of the signaling and automatic fare collecting systems; all this, we expect to be completed before we step down from office. The power supply of our trains will be upgraded before the end of 2016. There are 12 escalators that will be fixed before the end of the year, while the procurement for the rehabilitation of 34 more escalators and 32 elevators is ongoing. Let me remind everyone: When it comes to these matters, we cannot take shortcuts in the processes; we do not want our measures to be hampered by lawsuits left and right.
There are some who say that I wear blinders, when it comes to those who have long been my companions on the Straight Path. Me? I see the good things, but I also see the bad. Am I the one with blinders? Or is it those who insist on seeing only the bad things?
On our Armed Forces: Back in November 2010, tensions arose once more between North and South Korea; there were fears that war would break out in the peninsula. We needed a plan to evacuate the 46,000 Filipinos in South Korea, as well as the eight Filipinos in North Korea.
When I asked the AFP about the assets we could use in an evacuation, they said that the Air Force has a lone C-130. The shortest duration for a round trip? 10 hours. The capacity: around 100 people. I made some calculations: We needed to move 46,000 Filipinos away from conflict, which meant that, under the most ideal conditions, we would need 460 round trips, which would take 4,600 hours each. This is equivalent to 200 days of travel. No one can count on an old C-130 to cope with such heavy usage. If we deployed ships, each could carry 1,000 people at a time, but we would be lucky if each round trip could be completed within 10 days. Should further conflict break out, there was the chance that the entire situation would have been over by the time we evacuated of our people. We took immediate action to address these limitations.
Now, from one functional C-130, we now have three at our disposal, and we are planning to acquire two more. There are others to accompany them: The first of three C-295 medium lift transports has arrived, with the other two arriving within the year. We also expect the delivery of two more light lift transports before the end of 2015. [Applause]
If we ever encounter another spate of problems like what happened in 2013, we are going to need more assets. When Yolanda struck, our docks were destroyed, and our ability to deliver aid was hampered. In such situations, landing craft utilities are invaluable because of their ability to dock on any shore. Now, we have increased the number of our landing craft utilities from four to ten. There is the BRP Tagbanua. By next week, two Landing Craft Heavy will arrive from Australia; the turnover of these vessels was very generous: They even came with spare parts and generators. We plan on buying three more; once all the paperwork has been put in order, the processes to procure them will begin. These vessels will reduce our dependence on the kindness of other nations; we will be able to accelerate delivery to different parts of the Philippines, and more promptly send aid, supplies, and other heavy equipment such as bulldozers, which are needed for clearing and relief operations. [Applause]
To better watch over our territory, we have also acquired 12 FA-50 fighters to replace our F5 fighter jets that were retired in 2005. The first two units will arrive in December, and the rest of the deliveries will be completed by 2017. We have also acquired war ships such as the BRP Gregorio del Pilar and the Ramon Alcaraz, seven of 13 AW-109 helicopters, six of eight Bell-412 helicopters, 617 troop carrier trucks, and 50,629 assault rifles. Our target is to obtain two more frigates, six Close Air Support Aircrafts, 142 armored personnel carriers, and other new items such as 49,135 units of force protection equipment, 2,884 grenade launchers, and an additional 23,622 assault rifles. [Applause] In total, we have completed 56 projects for modernization, and I have approved 30 more. Compare this to the 45 projects completed by the three administrations that came before us combined.
Let us listen to one of our servicemen from the Air Force:

Translated transcript of Testimonial of Jun Perry, member of the Philippine Air Force
For the record, Sir, our Air Force now has actual force. There was a joke or stigma back then that the Air Force was all air and no force.
I’ve only recently joined the Philippine Air Force, but I spent four years in the Philippine Military Academy, where we learned of the value of air power and air defense. During those four years, we found that the Philippine Air Force was losing its strength. But luckily the long wait is over.
In December of 2012, President Aquino signed RA 10349. Now, the Philippine Air Force is receiving adequate advancement. It boosts morale. I’ve heard confirmation from our Army classmates themselves. One of them even said: “Mistah, when I heard the sound of the chopper taking flight, I was so inspired.”
This is a dream that has slowly, but surely turned into a reality.

[Applause]
As for our police, for the first time in our history, each of our policemen has his or her own firearm. Furthermore, to improve the capacity of our police force to shoot, scoot, and communicate, we have distributed 302 patrol jeeps, which are only part of the 2,523 that we have procured. We have also distributed 179 of 577 new utility vehicles, as well as 12,399 handheld radios. We are likewise procuring 30,136 long firearms, 3,328 investigative kits, and another 16,867 radios. Let us listen to some of our policemen, who talk about how these efforts have helped them in their work:

Translated transcript of Testimonial of Melvin Velasquez
When I entered the police service in 2003, I was issued a .38 revolver. Sometimes some of the criminals we encountered were equipped with high-powered weapons. The .38 revolver paled in comparison to the ones used by criminals. In fact, I had to buy my own gun.
It is difficult for us law enforcers when we encounter situations where we really have to risk our lives.
It was a big change when all policemen were finally given their own guns. We know that we can depend on the firearms issued by the government to us.
Those of us in the service dream of owning our own house and lot; it was only during this administration that such a dream was realized.
As a low-ranking law enforcer, I really feel the reforms instituted by our President—one of which is the value accorded to the national police. The only way we can possibly repay all these good things is by fulfilling our duties in the correct and right way—even if it means sacrificing my life.

[Applause]
Our drive to improve our police force’s equipment is complemented by our “work smarter” strategy. This has been brought to life by Oplan Lambat-Sibat, whose pilot program was implemented in Metro Manila. We studied how criminals operate and strategically deployed our policemen. This is how we have caught the “big fish” gang leaders, dismantled syndicates, and lowered crime rates across the nation.
During our term, almost 163,000 people on the wanted list have been apprehended by the PNP, more than 1,000 gangs have been neutralized, and 29,294 unlicensed guns have been confiscated in the country. In NCR: From January to June of 2014, there was an average of 37 cases of murder and homicide every week. Thanks to Oplan Lambat-Sibat, this has gone down to 23 cases per week as of June 2015. In terms of robberies, thefts, and carnapping incidents in the same period: The weekly average in NCR has gone down to 444, from 919.
Just last week, Dexter Balane, the leader of the robbery and holdup group in cahoots with the Martilyo gang, was apprehended by our police force. Also in the apprehended list are the notorious Tiamzon couple, Commander Parago, and other cadres of the CPP-NPA-NDF such as Ruben Saluta and Emmanuel Bacarra; there is also the elusive Jovito Palparan, as well as the leaders of the BIFF, namely Basit Usman, Mohammad Ali Tambako, Abdulgani Esmael Pagao, and the international terrorist Marwan. [Applause]
It is clear for all to see: The State nurtures its men and women in uniform, and they are abundantly reaping this care. Together with new equipment, we have also increased the combat pay of our soldiers, as well as the subsistence allowance of the entire uniformed services. We have put up more than 57,000 housing units for our men and women in uniform, and this number will reach 81,000 before I step down from office. [Applause] In our camps, we also have livelihood programs, and among those benefiting from these are the soldiers who have been wounded or disabled in the course of fulfilling their duty. To heighten our focus on them, I have already ordered our AFP to work together with our Cabinet and implement initiatives that will ensure that those who have sacrificed for the nation will have decent livelihoods. [Applause]
Let us now talk about infrastructure. I remember when I was a Congressman in Tarlac: During summer, the Tarlac River was like a desert. During the rainy season, the river would surge and overflow, with the MacArthur Highway among the areas affected by flooding. I asked, who is in charge of flood control in our district? We approached the Pampanga River Delta Project. They said that the Lower Agno Project had jurisdiction over us. Then, when we went to them, they told us to go back to Pampanga. Instead of helping us, they chose to point fingers at each other.
The time of skirting responsibility has ended. On the Straight Path, long-awaited infrastructure projects are constructed one after the other. I have already mentioned some of them: There is the Lullutan Bridge in Isabela, which our countrymen in the province had anticipated for two decades, like Rodito Albano; it is now open. [Applause] The Jalaur River Multi-Purpose Project, in Iloilo, was conceptualized around the time of my birth; we have recently broken ground for stage 2 of this project. [Applause] The Balog-Balog Multipurpose Project Phase 2 in Tarlac was planned in the 1980s. It has now been approved and the bidding process has already started.
Construction of the Basilan Circumferential Road started in back in 2000, [applause] but was long-delayed because of conflict in the province. Hostile elements have blocked its completion because as soon as it is constructed, they will have a more difficult time escaping the law. The delivery of services to the area would also be expedited, thus weakening their influence on the locals. The vast majority of the road is now passable, and only three bridges are still being finished. [Applause]
I have already mentioned the Muntinlupa-Cavite Expressway, which opened last Friday. The first two stages of the Tarlac-Pangasinan-La Union Expressway or TPLEX are also open; it is the same for the Phase 2 of the STAR Toll. When the Cavite-Laguna Expressway Project, the C-6 Phase 1, the Metro Manila Skyway Stage 3, and the NLEX-SLEX Connector Road are completed—all the more will the benefits of our infrastructure strategy reach even more people. [Applause]
To address flooding, we have the ongoing repairs and maintenance of our flood control projects. Among these is the Pasig-Marikina River Channel Improvement Project Phase 2, which was completed in 2013. The high-impact flood control projects for the NCR and its surrounding areas are slated for completion in November, and our target is to complete the Blumentritt Interceptor Catchment Area by next year. The Laguna Lakeshore Expressway Dike project, meanwhile, will be awarded this December.
I am sure that everyone can see: It does not matter if local officials belong to our party, or if we won in these provinces; the only question we ask: Is there a need for this project? Let us listen to some of those we have helped:

Translated transcript of Testimonial of Governor Elias Bulut
When the President first ran for senator, he lost in our province. When he ran for President, he lost again. In spite of that, the President still helped our province. [Applause] We are witness to his style of governance. The administration recognizes the problems of the region and responds based on need, rather than considering the votes they earned here. Our province used to be neglected—because of the meager funds given to us by previous administrations. People here had to walk for about two days to get to their destination. With the construction of this new road, so many opportunities are going to open up for the people of Apayao. [Applause] Agriculture here is booming, and the people finally feel that there actually is a government that looks after them. To the President, we hope you can come over, so you can see what you’ve done here. What used to be far is so much nearer now because of the good roads you’ve built.

____________________

Translated transcript of Testimonial of Rep. Mercedes Alvarez
When I met the President in Bacolod City, I thanked him because our road was already finished; he said, “Don’t thank me. Thank our bosses.” And of course he told me not to lie down on the road again. [Laughter]
What happened before this was that I was on my way up to Candoni, and I saw the road that the DPWH had worked on was finally completed. I was so happy that I decided to take a picture right there.
Travel time has been cut in half, thanks to the new national road. Candoni used to be a very isolated area. Investors didn’t want to make their way there because of the state of the roads. But now the roads are good; public transport ply these routes. Students now don’t have to walk all the way to school because now they can commute. When you plant sugarcane, you have to bring it all the way to the central market. But now, with our new roads, planting will be easier, more economical, and cheaper.
Mr. President, on behalf of the people in Cauayan, Hino-baan, Ilog, Candoni, Kabankalan, and Sipalay in the province of Negros Occidental, we want to thank you for your commitment, your projects, and your programs. Mabuhay po kayo!

[Applause]
To Governor Bulut, in the Senatorial election of 2007, I was only 20th in the hearts of the people in your province, and I was only 4th  during the presidential elections. But given all the infrastructure we have built, I do not think anyone can say that you aren’t in the hearts of the Filipino people. You yourselves have witnessed that when it comes to projects, our basis is need, not votes. [Applause]
Now, to Congresswoman Alvarez, who has, on a number of occasions, posed lying down on the roads we have built in her district: I am sorry, Chedeng, but the next time you lie down on the road, I will have you arrested. [Laughter] The violation: obstruction of traffic.
Our strategy is clear: In constructing roads, bridges, and other infrastructure, we reduce the suffering where we must, and we accelerate the delivery of benefits. I only ask that we all contribute in the effort, and that we be willing to make sacrifices.
For example: To address flooding in Manila, we pushed for the construction of a catchment area, which was protested by a particular university. They said that some of their old buildings could be affected by the project. Another example: There is already a need to retrofit the Guadalupe bridge, because it is vulnerable to earthquakes. But can we close down this bridge without completely shutting down EDSA? This bridge cannot be fixed through conventional means; we need to open up an alternative path. One proposal estimates that 70,000 vehicles would be able to pass through the route. Thus, if we can get this done, we can retrofit Guadalupe. The problem is that the chosen path for the route has been protested by a number of groups. They agree that Guadalupe has to be retrofit, and they also agree with our plan to address heavy traffic along EDSA, but they do not want to be inconvenienced by the structures we need to construct. Such an attitude delays the construction of much needed infrastructure.
There have also been times when assistance was not only denied; roadblocks were also put in our path by officials on the local level. For example, there was an area devastated by a calamity. We went there as soon as possible; I was greeted by the Congressman and the Mayor, but it was the City Administrator and Vice Mayor who spoke with me. We told them: The DPWH has the necessary equipment, and we are ready to put up temporary shelters; all we need is land on which to construct them. Their answer: There are 30 hectares that can be used. Unfortunately, when I returned, not a single bit of land was turned over to us because they said they were using them for something else.
That is just one horror story. For our part: We are here to help. We will do everything in our power to give as much assistance as we can, in accordance with the law. If they do not want to cooperate, the only thing I will say is this: Next year is an election year, and our Bosses will be the ones to decide who has alleviated, or added to, their suffering. [Applause]
Let us now move on to the area of Public-Private Partnerships. If we add together all the solicited PPP Projects of the past three administrations, the grand total: six projects. Under our watch, the number of solicited PPP project: 50. Of this number, 10 have been awarded; 13 are being bidded out; while 27 are still in the pipeline. You can judge the difference for yourselves.
Back then, no one would join these projects; now, private companies are competing with one another, and are even paying us premiums. The premiums we have received from our private sector partners in the PPP have reached P64.1 billion, which goes directly to our national coffers. [Applause] Each successful project redounds to even greater confidence in the Philippines, which will in itself help accelerate the process of putting up the rest of the infrastructure we need. The suffering of our people will be lessened, and may even come to an end.
As for infrastructure about to be constructed, my sole request is for all of us to calm down. The procurement process is long; in fact, four months to complete the process is already considered fast. You could be considered lucky if the computer you ordered is delivered within that time. Just imagine the process when it comes to the construction of bridges.
For my part: It doesn’t matter if I am unable to preside over the groundbreaking or ribbon-cutting. What is important is that these projects are well-planned and legal, so that when they are approved, construction can proceed quickly; the quality of the structure will withstand anyone’s scrutiny. The Cabinet already knows this: When we have Cabinet or NEDA Board meetings, I have sometimes joked that attendees should bring their own blankets because the meetings will likely go on until late evening. This happens because I examine each detail carefully, so that when we present these projects to our Bosses, they will also say, “We approve of this because the process has been transparent, and we’re sure that these projects will benefit us.”
Without doubt, the transformation we are feeling is vast. Whereas before, the capacity of Filipinos to hope was wavering; now, according to the latest Social Weather Station survey, eight out of ten Filipinos believe that the Philippines can be—if not already is—a developed nation. [Applause] There is also a survey from Gallup Inc., which has been in business for 80 years now and is considered the oldest and one of the most respected polling agencies in the world. They asked the citizens of 145 countries: “Would you say that now is a good time or a bad time to find a job?” The result: The Philippines ranked number one in terms of job optimism for the Asia-Pacific region, and number two in the entire world. [Applause]
Indeed: Our countrymen are confident in the stability of their future. Even newly hired employees today can make regular payments on cars or condominium units. Given this, it should not come as a surprise that, just last year, car sales in the Philippines grew by 27 percent. The belief now: We can afford to pay not only the down payment, but also the monthly amortizations as well. With so many of our countrymen able to purchase cars, two major automobile companies in the country now take two and half to three months to deliver cars to buyers. In my own experience, the first time I was employed, I computed how long it would take for me to buy my own car. The result of my calculations: It would take me 20 years, and that’s for a secondhand vehicle.
I was also given the chance to speak with the leaders of two big foreign companies: One already has a factory here, while the other intends to enter our market. Both of them expressed a strong interest in setting up research and development facilities in the Philippines. They recognize the potential and talent of the Filipino, which they believe can help them maintain their edge in their respective industries. They asked us: Can you supply us with the hundreds of employees with master’s and doctoral degrees in engineering that we need? The DOST’s response: “Of course.” I even said: If companies would start hiring for high-tech industries here, perhaps our countrymen would come home and accept lower pay, so that they could be with their loved ones. Their answer: There’s no need to lower the salaries; we will match whatever they are earning abroad. [Applause]
Even when it comes to our fisheries sector, the way the world views us has changed completely. Just this April, the European Commission lifted the yellow card warning it had imposed on the Philippines. In the past, there were some problems with the documentation and tracking of caught fish; for this reason, the Commission could not ascertain whether the fish were caught legally. Our administration immediately worked to prevent the Philippines from being included in the EU’s blacklist, and thus avoided any ban on our exports. I later learned that when Secretary Procy Alcala was in Belgium, [applause] he was told that the Philippines should not resent the attention if other nations with yellow card status approached us. After all, we are the ones in a position to teach them the initiatives and steps to resolve the problem. [Applause]
I also remember how, in the beginning, I felt that leaders of some countries only spoke to us because they were obligated to do so. Some even seemed to be scolding us when I first interacted with them. Now, we receive invitations for State Visits one after the other, with all these leaders offering praises. Some leaders even go so far as to propose that we could arrive in the morning, and that they wouldn’t take it against us if we leave at noon, so long as we make the visit. Once, I was even surprised to receive this question from the leader of a progressive country: “What is your secret?” Of course, since bragging isn’t in our nature, my response was: “Our secret is that we followed your good example.” There are also instances when we and members of our delegation were asked: “It’s really exciting in the Philippines now; is your term truly limited to six years? Can’t anything be done to fix this?” Every time, our answer is: “We once had a president who did everything he could to stay in power. We need to make sure that the doors that would lead to such a situation will never be reopened.” [Applause]
Of course, even if there is evidence of concrete transformation left and right, there are still those who oppose the Straight Path. They say: We work slowly. They say that when they become President, without a doubt, our lives will improve. Those who are of an advanced age will probably answer this with a raised eyebrow and an “Oh really?” The younger generation will simply say: “Yeah, right.” [Laughter and applause]
We ask: How will they do this? They say: We’ll take care of it. We ask, where are the details and concrete plans? How will they fulfill these promises? Again: We’ll take care of it. It’s like they think they can pass off these kinds of vague answers as solutions to the problems we face.
Unfortunately, no medicine has yet been invented to help those who play deaf and blind. [Applause] My advice: At times when our intelligence as a people is clearly being insulted, we should just change the channel; we might benefit more from watching a sitcom.
Now, I wish to talk about legislation, which I hope will be passed during the term of this Congress.
The most important of these: the Bangsamoro Basic Law. [Applause] To those who oppose this measure: I believe that it is incumbent upon you to suggest more meaningful measures. If you do not present an alternative, you are only making sure that progress will never take root in Mindanao. Let me ask you: How many more of our countrymen will have to perish before everyone realizes that the broken status quo of Muslim Mindanao must change?
I invite you to listen to some of those who can benefit from this law:

Translated transcript of Testimonial of Nor-ashia Binatac, 4Ps beneficiary
Before, because we were poor, we had no food. We only had sweet potatoes. That’s it. That’s all we’d eat for breakfast and dinner.
It’s a hard life when you’re a farmer. You work hard to till the land; and when you sell your produce, you can only sell them for so much.
I felt terrible because I saw how just difficult it was for my family to cope. I used to think and wish that I had the opportunity to finish my studies—so that I could help my family leave this horrible state of poverty.
I was in 6th grade when they rolled out the Conditional Cash Transfer program here. It was a big relief to see my father have money for my studies. I thought, before this program, I didn’t even have a notebook or a pair of shoes. Now, with the support of government, I can really focus on my studies, so that I can help my parents one day.
I’d like to thank the DSWD and the government, because they thought of doing this for the poor. If it weren’t for them, our lives wouldn’t have changed.

[Applause]
____________________

Translated transcript of Testimonial of Nadjieb Sanquila and Hadid Hassan, MILF combatants
Sanquila: The injustice during that period was indescribable. Because it was Martial Law, they saw us Moros as mere animals. We were being killed and massacred with no remorse. My family was among the victims of those massacred by the soldiers. That is what hurts the most; this is why we are here today. We joined the Moro Islamic Liberation Front to fight for our rights.
Hassan: When I joined the MILF, our principles were premised upon nasshur awis-shahada. For example under President Estrada’s administration, the people of Mindanao were under the threat of annihilation. Of course, any Muslim would think to defend those principles.
If you are a Muslim, you are part of the Bangsamoro. You were, therefore, viewed as a terrorist, and would not be given any work—because you might end up destroying the company.
The Sajahatra has now arrived. We were more encouraged by this: we learned and applied what we learned. For me, this may be the path for our brothers and sisters in the Bangsamoro to lead peaceful lives, and have the wherewithal to lift themselves out of poverty.
Since 1972, I have never experienced a peaceful Bangsamoro; but today, if the agreement is fulfilled, with Allah’s blessing, we might finally be able to live in peace.

[Applause]
I also wish to put forward the bill on the Rationalization of Fiscal Incentives. Once enacted into law, this will correct the many loopholes in the provisions of our incentives and will rationalize taxation for our businesses. We also ask for the urgent passage of the Unified Uniformed Personnel Pension Reform Bill, so that we can finally set up a sustainable and just pension system for our uniformed services. I cannot stress just how important the passage of this law is: At present, we already need trillions of pesos to fund the pensions of our servicemen. We need the authorization from Congress to address this very complicated situation.
Tomorrow, you will receive the proposed budget for 2016. We have never failed to pass the national budget on time; thus, it is my hope that we will continue this correct practice, especially that we are now in the final stretch of the administration. [Applause]
Also, might I share: There used to be a time when I was against depriving a person the right to run for office, just because he had a famous family name. Why would we pass legislation to stop a person who really wants to be a public servant?
But I have realized: There is something inherently wrong in giving a corrupt family or individual the chance at an indefinite monopoly of public office. It is exactly for that reason that, when someone suggested that I stay on as President, even just for three more years, I myself argued against it. If I agreed to this suggestion, I would open the door for such a practice to be repeated in the future. And we cannot be certain if the person who will succeed me will possess sincere intentions—he may instead choose to lord it over our people to pursue his personal interest. I believe it is now time to pass an Anti-Dynasty Law. [Applause]
It is because of this Congress that laws that now stand as the solid foundations of transformation were passed. To those in the House of Representatives and the Senate, especially to your members who have been our partners on the Straight Path for all these years: Thank you for the Philippine Competition Law, for the Act Allowing the Full Entry of Foreign Banks, [applause] and for the amendments to the Cabotage Law. Thank you for the Sin Tax Reform Act. Thank you for the Responsible Parenthood Act. [Applause] Thank you for all the other meaningful laws that you passed. Indeed: So much is achieved when we have a Congress that is determined to usher in real progress. [Applause]
A while ago, I thought it best to speak about where we came from, in order to give sufficient context for the challenges that we faced, continue to face, and will still face, and also for the criticism hurled at us. All of this censure, ridicule, and abuse, I accepted as part and parcel of the opportunity to serve you. The truth is, I did not have to go through this alone. Now, I will ask for some of your time to thank those who were our inspiration and partners; I hope that others will understand if I cannot mention them today.
First and foremost, of course, to our Lord, who, in every moment, guided our country. To my father and mother, [applause] who in fighting abuse and in rendering great sacrifice, became a wellspring of inspiration, not only to our family, but to the entire nation.
To my Cabinet, some of whom I have already mentioned earlier. Now, allow me to continue:
To Executive Secretary Jojo Ochoa, who is also called the Little President: [applause] Our strong relationship began way back, with our parents. We have supported each other through many challenges in life. Your private practice was sacrificed in the length of time that you served the public, first in Quezon City then in my administration. Everything you know about the law, you shared with me. You did not leave me, even in times when there were threats to our lives. Pare, I am lucky that we met, became friends, and became allies in serving our Bosses; [applause]
To Secretary Rene Almendras, ES Ochoa’s partner and taskmaster of the Cabinet: Your forehead was once so smooth, now it seems to be riddled with a barangay’s humps because you shared the burden of the challenges we faced;
To Secretary Albert del Rosario: [applause] You took your oath on a Friday, by Sunday, you were in Libya to oversee the evacuation of our OFWs whose lives were in danger during the time of the Arab Spring. Motivating you has never been a problem, and if we have ever debated anything, that is because of me doing my best to keep him from traveling to the most dangerous places in the world;
To Secretaries Cesar Purisima and Arsi Balisacan: [applause] A tandem our country is lucky to have: From the big picture to the smallest details, you are the ones who ensure that each Filipino feels the benefits of the growth of our economy; [applause] Of course, some of these achievements could not have been realized without the help of Usec. Cosette Canilao and all those who make up our PPP Center; [Applause]
To Secretary Greg Domingo: our national salesman who enticed businessmen to invest in our country, [applause] and to PEZA Director General Lilia de Lima—I have already tasked the DOST to hurry up and clone her;
To Secretary Babes Singson, the prayer leader of our Cabinet: [applause] who has built concrete evidence of transformation and returned the trust of the Filipino people to the DPWH;
To Secretary Mon Jimenez, [applause] one of our most trusted voices in the Cabinet: It is indeed more fun in the Philippines, and because of your hard work, 4.8 million tourists have visited our shores, thus creating direct employment for our countrymen; I will also thank his wife, Abby, who helped us put into words and images our agenda of positive change;
To former Energy Secretary Icot Petilla: who continues to make his contributions felt even if he is no longer part of our official family;  [applause]
To Secretary Volts Gazmin, who leads our Armed Forces and ensures that we are always prepared for calamities: [applause] Not once did you give us a reason for doubt or fear;
To Secretary Cesar Garcia, our National Security Advisor, who has always been extremely quick to respond to my messages, even if his knee operation had just finished;
To Secretary Janette Garin [applause], who faced MERS, Ebola, food poisoning, encephalitis, and successive threats to our national health: Janette, your strength was the very source of ours;
To Secretary Dinky Soliman, who is on-call 25 hours a day, 8 days a week, [applause] together with all who have been her executive assistants, who, after graduating from DSWD, can be deployed to any crisis in the world: Dinky, every time I call you, you already have the list of the problems that we need to address, current actions being taken, and the measures we still need to take. It takes only one conversation to see that you are on top of the situation; [applause]
To all those who continue to ensure that succeeding generations have the necessary knowledge and skills: Secretaries Armin Luistro, Patti Licuanan, and Joel Villanueva; [applause]
To Secretary Mario Montejo, who did much to bring hope back to PAGASA, and indeed worked hard to make us feel the role of science in national development; [applause]
To Secretaries Procy Alcala and Kiko Pangilinan, who have sown reforms already bearing fruit in the agriculture sector; [applause]
To Secretary Gil de los Reyes, who did not waver in advancing just agrarian reform, however daunting the challenges he faced; [applause]
To Secretaries Ramon Paje, Neric Acosta, and Lucille Sering, whose work showed that inclusive growth is tied to safeguarding our natural resources; [applause]
To Secretary Mar Roxas: Whether you are in or out of government, [applause] the enemies of the Straight Path have not stopped criticizing you. Because you count, because your words matter, they have continued to do their best to put you down; [applause] Through their constant attacks on your character, your critics themselves have proven that they are afraid of your integrity, skill, and ability to do the job. It’s only because they have nothing to boast of that they’re trying to bring you down. Mar, you are proving: You can’t put a good man down. [applause] Just as my mother and father had faith, so too should you have faith that our countrymen know who truly puts country before self;  [applause]
To Secretary Butch Abad, [applause] who, even though he has received torrents of unfair accusations, continues to ensure that the money of the Filipino people directly benefits the people alone;
To Secretaries Edwin Lacierda and Sonny Coloma, former Secretary Ricky Carandang, together with Usec. Abi Valte and Manolo Quezon, [applause] who were the voices and online presence of the Straight Path: Truly, I felt the burden that you carried in answering questions, whether they made sense or not, to make sure that our countrymen received all the right information;
To Solicitor General Florin Hilbay and Chief Presidential Legal Counsel Ben Caguioa [applause], who have displayed the honesty and integrity fitting of the Executive’s foremost attorneys;
To Secretary Ging Deles, as well as Chair Iye Coronel-Ferrer, who have worked tirelessly towards a peaceful Philippines; [applause]
To Secretary Julia Abad, who makes sure that I attend to all my responsibilities: [applause] You are the person I call on to take immediate action, which means that you also often bear the full brunt of my first reaction. Nevertheless, you have always remained cheerful;
To all the other Secretaries who never fail to pick up the phone, even if I call past midnight: Yasmin Busran-Lao, Francis Tolentino, Lu Antonino, Joel Rocamora, Mely Nicolas, Ronald Llamas, Cesar Villanueva, and Manny Mamba; [applause]
To those who may not be official members of the Cabinet, but have nevertheless done their part to help us progress along the Straight and Righteous Path: Governor Say Tetangco, who has deftly managed our Central Bank; Governor Mujiv Hataman of the ARMM [applause]; Chito Cruz of the National Housing Authority [applause]; Gerry Esquivel of the MWSS [applause]; and let me also include Chairman Bong Naguiat of PAGCOR, who was not among those who bought coffee; [laughter and applause]
To former members of the Cabinet who put their skill and competence in full display, especially the late Sec. Jesse Robredo [applause], who remains an inspiration to us all;
To Senate President Frank Drilon and Speaker Sonny Belmonte [applause], who willingly shared their wisdom during the most complex challenges we faced;
To Congressmen Boyet Gonzales and Mel Sarmiento [applause], and to all those who tread the Straight Path with us;
To all the leaders and members of our uniformed services, who protect our Bosses with utmost honor and bravery, and who help ensure security, not just in the Philippines, but also in other parts of the world; [applause]
To all those working in the different branches of government who are rendering true service to their fellow Filipinos;
To the businessmen, the business federations, and all those from the private sector who helped us improve the economy;
To all those in the media who have strived to do their work in the fairest manner possible; [applause]
To all those who have walked alongside us along the Straight and Righteous Path: Namely Didi Sytangco, who openly showed her support even during the most difficult of times, as well as Alice Murphy and Yoly Ong, who have served as wellsprings of inspiration and good advice these past few years; [applause]
To Jun Reyes, Gigi Vistan, and everyone who has worked with us since I began running for Congress, until my days in the Senate: Jun and Gigi: You gave me your patient guidance on what to wear, how to act, and how to speak. You know that, unlike my sister Kris, I am not used to being in front of a camera. Even if I kidded that your jobs seemed impossible, you fulfilled them in a professional and reliable manner;
To my spiritual advisers, Father Catalino Arevalo, Sister Agnes Guillen, and Father Jett Villarin [applause], and to Cardinal Chito Tagle, Cardinal Orlando Quevedo, Ka Eduardo Manalo, Bishop Soc Villegas, Bishop Jonel Milan, and Brother Eddie Villanueva; to all those in the religious sector and to those who have prayed for us as we faced major challenges;
To those like Joe America, a blogger who, despite never having met me, wrote: “If the President were in my foxhole, I’d watch his back. That’s because I trust that he is watching mine.” [applause] I thank you and all our other friends from other shores who have express their unity with our transformation agenda;
To members of the youth like Francesca Santiago, who, at an early age, has displayed love for country;
To Noel Cabangon, and all those in culture and the arts who have used their talents to proclaim our country’s transformation; [applause]
To Ate Ballsy, Pinky, Viel, Kris, and my brothers-in-law and nephews and nieces [applause]: You have stood by me since Mom and Dad were in public service. The day is coming when you will no longer have to make additional sacrifices on my behalf;
If I may make a special mention: To General Chito Dizon, former head of the PSG, and to its current head, Raul Ubando, whose first two weeks in charge were a true baptism of fire due to the Zamboanga crisis [applause]; to Lt. Col. Francis Coronel, head of my close-in security, as well as to SPO4 Lito Africano and PO3 Bong Fuyonan, who have been with me for such a long time [applause]; and to the entire Presidential Security Group, which has displayed utmost professionalism in protecting not just me, but President Obama and Pope Francis as well: Don’t worry. There are 21 more world leaders arriving for APEC. You have stood by me in times of trial and in times of relief. Perhaps later, before you sleep, you will ask yourselves why there seems to be so many trials, and so little relief. We are getting there;
To Asec. Susan Reyes, our Social Secretary [applause], who proves that one need not be extravagant to uphold the dignity of the Presidency; to Paul Cabral who makes sure that I always wear proper clothing [applause]; and to Cherry Reyes, who is both my hairstylist [laughter] and an economics practitioner, when it comes to the way she fulfills unlimited wants with very limited resources.
To those working in my Private Office in Malacañang, especially to Usec. Rochelle Ahorro and Asec. Jun Delantar [applause], who have, in many occasions, shared in my stress;
And I would like to introduce to you Yolly Yebes, who has been with me for the past 20 years: You never fail to make sure I am able to eat my meals at the proper time; you prepare my things for all my trips, whether domestic or foreign; and you have cared not just for me, but also for those I work with in government.  Whenever I tell you we have a meeting and ask if you could prepare us something to eat, you don’t have to ask “when” or “how many people.” I never have to worry about those preparations, because you think of everything. Yolly, I wanted you to watch this SONA, so I could tell you: Thank you for all your help; [Applause]
To those who never thought twice about helping repack relief goods in the aftermaths of disasters; to every Filipino who gave what he or she could and passed around coin banks to help bring about transformation; to those who made their support felt, whether through a text message, a letter, or by expressing it personally; to every child who embraced my leg, looked up, and smiled, every student who has asked to have a selfie with me; and to each person who waded through crowds just to shake my hand;
My Bosses, perhaps my having no family of my own is part of the plan. It has allowed me to focus on our people. In this job, I sometimes feel like a punching bag precariously held together by duct tape, but I have never wavered because you are behind me. It is true: I am not alone. [Applause] This has led me to conclude that my parents continue to watch over me, and that God truly loves us. Thus, to every Filipino who has made this change possible, thank you. It is a great honor being your leader. [Applause]
These expressions of gratitude come with a call: The reforms we have sown along the Straight Path are already bearing fruit, and will bear an even more bountiful harvest in the future. But this will only happen if we nurture and protect what we have already planted.
Some examples: We cannot just cease to focus on the modernization of the AFP. As for Pantawid Pamilya, once we have helped the bottom twenty percent cross over into the next level, we will need to ensure that they will not return to poverty when they are struck by illness or calamity.
In the area of disaster management: Because of concern for one another, and because of the active cooperation of the LGUs, we were able to ensure that Bohol and Cebu regained their footing after the earthquake. In Zamboanga and Tacloban, we focused straightaway on immediate needs. From delivering food, to making certain that there were no outbreaks of disease; from ensuring that electricity returned quickly, to opening roads; and even to housing and livelihood programs—our government poured and continues to pour all it can to help affected areas. [Applause] Yet there are also things left to be done: There are still communities living in danger zones that must be relocated away from threats to their safety. As regards rebuilding, there is a need to strengthen coordination between the local and national levels, in order to ensure that we finish projects at the soonest possible time.
When it comes to foreign affairs: We did and continue to do everything in our power to be a responsible member of the community of nations; with each measure we take, we ask only for what is just and according to the rule of law. Instead of a solution participated in by just a few, we have advocated that all contribute to the solution of a problem that involves us all. As you know, we are facing a challenge in the West Philippine Sea. We are up against a nation that is far ahead of us, whether in terms of influence, the economy, or military force. Yet when it comes to reason and love for country, we do not fall behind. As with all other problems, our unity is the key through which we can uphold our rights.
To my Bosses: In all truth, given the challenges that we faced, we could have just put forward band-aid solutions. We could have just handed over a bag of relief goods, or crowded ourselves into photo opportunities. But we all know that in the Philippines, we have a special anger for credit-mongers. What will we do with popularity points if we will just leave problems to succeeding generations? At every opportunity, we sought to identify the correct root of the problem, and implemented a clear and long-term solution to this. Some challenges faced by our country we have overcome; as for the rest, we have begun taking steps towards a permanent solution.
That is the biggest difference. Once, there was only hopelessness. Now, people rely on the government; in fact, they expect, anticipate, and in many cases, want the government to resolve the problems our nation faces in the soonest possible time.
Looking back, with the sheer volume of wrongs we had to correct, we did not just start from zero; we started from the negative—negative in terms of resources to pursue change; negative in terms of opportunities; negative in terms of hope. We filled the gaps; we brought about positive change, and now, our achievements have far surpassed our expectations.
Let us listen to our countrymen who will testify to this transformation:

Translated transcript
In the 25 years that I have worked at PAGASA, I have seen how much of our facilities have improved under the term of our President. Before, PAGASA worked blind. Now, because of the radars and additional observation stations that we have, our capacities to predict the weather have improved. PAGASA is a changed agency. Before, if you said you worked at PAGASA, you were shunned—perhaps because of the quality of the agency’s work. But now, because of all the new equipment, our forecasts are very accurate. Today: If you’re from PAGASA, you’re considered a big shot.

[Applause]
____________________

Translated transcript of Testimonial of Congresswoman Kaka Bag-ao
Back then, you could not trust politicians. They promised so much, but could not deliver on any of their commitments.
The leadership brand of President Aquino treats everyone fairly; everyone is important. Services are delivered even to the farthest corners of the country, such as in the Dinagat Islands.
Change is so evident. For instance, in the small towns, which used to be without power, there are now generators. There are also new roads.
We believe so much in this government. If the President were not our leader today, if we did not have an honorable representative in Congress, we wouldn’t know what our situation would be.
We are thankful for this brand of good leadership that has served as an inspiration for other public servants. Now, when we say government service, it is service that is seen, felt, and provides an inspiration for people to hope and dream for further success. I now believe my aspirations can be realized: that my dreams are important and nothing is irrelevant.

[Applause]
To our Bosses: If the transformation of our society isn’t interrupted, it would indeed be reasonable to say: All we have achieved is only a taste of what is to come. As we have said before: You ain’t seen nothing yet. [Applause]
I already mentioned a while ago the SWS survey that was not widely covered in the news: that 8 out of 10 Filipinos believed that the Philippines will become—if not, already is—a developed country in the foreseeable future. This is the opinion of our countrymen. But our economists in NEDA themselves are studying this in a scientific manner, and they have reached the same conclusion.
Let us take a look: From 2010 to 2014, we posted an average GDP growth of 6.2 percent; this is the fastest period of economic growth in the past 40 years. [Applause] If we reach 6.8 percent this 2015, then we will have posted the fastest 6 year average growth period in almost six decades. [Applause] Of course, the growth of our economy means a corresponding growth in government’s ability to care for and empower the citizenry to make the most of opportunities being created in the country.
It is clear: If we are not derailed—if we continue along the Straight Path—then we will reach first world status within one generation. If the reforms that have led to our dynamic economic growth continue, then it won’t be long before we can stand on equal footing with, if not, surpass, the very countries we admire. [Applause] Did we even think this was possible back in the beginning?
On the other hand, if we return to the crooked path, we will be condemned to waiting for nothing. We will once again be left behind, and the upward trajectory of our economy will reach a premature end.
We have indeed planted impressive reform; and we have already nourished it with intense effort and sacrifice. Who in their right mind would decide to cut the tree down on a whim, when we have only begun harvesting its fruits?
There is a sentiment that I want to share with you; it is best captured in the question: “Will we lose all that we have built—all that we have worked hard for—in one election?” [Applause and laughter] From this perspective, the next election will be a referendum for the Straight and Righteous Path. You will decide whether the transformation we are experiencing today will be permanent, or simply a brief and lucky deviation from a long history of failure.
The question: Are we treading the right path? If your answer is no, then that is akin to saying “I liked it better before, let’s just go back to the crooked path.” In such a scenario, I will respect your wishes and remain silent.
But if your answer is “yes,” then, as always, I am ready to continue supporting you. Even after I step down from office, until my last breath, you can count on me to stand with you, the same way you have stood by me. I will walk alongside you, and with arms linked, we can continue bringing to life the ideals of the Straight and Righteous Path. [Applause]
My bosses, I will admit: I am not perfect. There were times when I was let down by people whom I believed knew how to do their jobs. During moments when those sowing doubt seemed to succeed, perhaps we were unable to share the needed information in a timely and appropriate manner. In these matters, I ask for your understanding.
Nevertheless, I can look anyone in the eye and say: I made the best decisions based on the information and the capacities we possessed at the time. My one and only interest is the well-being of my Bosses. I did all I could to forge a nation that is more just and more progressive—one that enjoys the fruits of meaningful change. [Applause] I will let history decide. As I did during my mother’s wake, I will once again speak the words from 2 Timothy, Chapter 4, Verse 7. And I quote, “I have fought the good fight, I have finished the race, I have kept the faith.” [Applause]
My bosses, we began with our country seemingly engulfed in darkness. We were uncertain whether there was even a light at the end of the tunnel. Now, we are being greeted by the dawn of justice and opportunity.
You have all seen the heights we have reached. You have heard the stories of our fellow Filipinos—stories that prove what we can achieve with our own strength, with the help of our countrymen, and with the spirit of cooperation towards the fulfillment of our collective desires. Now, we can hold our heads up high and say to the entire world: “I can. The Filipino can. This is only the beginning.” [Applause]
Yes: This is only the beginning. This is only the beginning of a country that will not be cowed, and instead will stand as a beacon of justice and resolve in the global community. This is only the beginning of prosperity brought about by freedom from corruption. This is only the beginning of a society where every Filipino who works hard and does the right thing is guaranteed to succeed. This is only the beginning, and now, history poses a challenge to us to continue the transformation, so that it may bring about even more opportunities for future generations.
This is only the beginning. [Applause] We are only in the first chapter of the great story of the Filipino people. Guided by the Almighty, as we continue to tread the Straight Path, we will fulfill even greater aspirations. We will open the doors to even greater progress. Our direction is in your hands.
Good evening and thank you very much.
[Applause]
____________________________
Basahin ayon sa pagkakabigkas"
